==40704== NVPROF is profiling process 40704, command: ./cuCOSMA
==40704== Profiling application: ./cuCOSMA
==40704== Profiling result:
"Type","Time(%)","Time","Calls","Avg","Min","Max","Name"
,%,ms,,us,us,us,
"GPU activities",59.383468,2.290801,100,22.908000,22.240000,24.031000,"void scal_kernel_val<double, double>(cublasScalParamsVal<double, double>)"
"GPU activities",22.237710,0.857851,100,8.578000,7.968000,15.232000,"cosmaSgemm_kernel(float const *, int, float const *, int, float*, int)"
"GPU activities",10.569724,0.407742,100,4.077000,3.903000,4.608000,"void scal_kernel_val<float, float>(cublasScalParamsVal<float, float>)"
"GPU activities",7.809099,0.301247,200,1.506000,1.471000,1.856000,"[CUDA memcpy HtoD]"
No API activities were profiled.
