==48527== NVPROF is profiling process 48527, command: ./cuCOSMA
==48527== Profiling application: ./cuCOSMA
==48527== Profiling result:
"Type","Time(%)","Time","Calls","Avg","Min","Max","Name"
,%,ms,,ms,ms,ms,
"GPU activities",99.116814,241.426610,100,2.414266,2.406347,2.421355,"cosmaSgemm_kernel(float const *, int, float const *, int, float*, int)"
"GPU activities",0.820837,1.999377,100,0.019993,0.019424,0.020704,"void scal_kernel_val<double, double>(cublasScalParamsVal<double, double>)"
"GPU activities",0.062349,0.151869,100,0.001518,0.001471,0.001888,"[CUDA memcpy HtoD]"
No API activities were profiled.
