==52911== NVPROF is profiling process 52911, command: ./cuCOSMA
==52911== Profiling application: ./cuCOSMA
==52911== Profiling result:
"Type","Time(%)","Time","Calls","Avg","Min","Max","Name"
,%,s,,ms,ms,ms,
"GPU activities",99.975971,9.365037,100,93.650367,93.590833,94.188940,"cosmaSgemm_kernel(float const *, int, float const *, int, float*, int)"
"GPU activities",0.021948,0.002056,100,0.020559,0.019712,0.021408,"void scal_kernel_val<double, double>(cublasScalParamsVal<double, double>)"
"GPU activities",0.002080,0.000195,100,0.001948,0.001888,0.002240,"[CUDA memcpy HtoD]"
No API activities were profiled.
