==42082== NVPROF is profiling process 42082, command: ./cuCOSMA
==42082== Profiling application: ./cuCOSMA
==42082== Profiling result:
"Type","Time(%)","Time","Calls","Avg","Min","Max","Name"
,%,ms,,us,us,us,
"GPU activities",58.916225,2.292491,100,22.924000,22.239000,24.831000,"void scal_kernel_val<double, double>(cublasScalParamsVal<double, double>)"
"GPU activities",22.924759,0.892026,100,8.920000,8.416000,13.760000,"cosmaSgemm_kernel(float const *, int, float const *, int, float*, int)"
"GPU activities",10.396487,0.404538,100,4.045000,3.872000,4.512000,"void scal_kernel_val<float, float>(cublasScalParamsVal<float, float>)"
"GPU activities",7.762529,0.302048,200,1.510000,1.472000,1.856000,"[CUDA memcpy HtoD]"
No API activities were profiled.
