==42615== NVPROF is profiling process 42615, command: ./cuCOSMA
==42615== Profiling application: ./cuCOSMA
==42615== Profiling result:
"Type","Time(%)","Time","Calls","Avg","Min","Max","Name"
,%,ms,,us,us,us,
"GPU activities",48.552925,2.296263,100,22.962000,21.600000,24.416000,"void scal_kernel_val<double, double>(cublasScalParamsVal<double, double>)"
"GPU activities",35.289514,1.668983,100,16.689000,15.263000,28.320000,"cosmaSgemm_kernel(float const *, int, float const *, int, float*, int)"
"GPU activities",9.733746,0.460348,100,4.603000,4.351000,5.280000,"void scal_kernel_val<float, float>(cublasScalParamsVal<float, float>)"
"GPU activities",6.423814,0.303808,200,1.519000,1.472000,1.856000,"[CUDA memcpy HtoD]"
No API activities were profiled.
