==49598== NVPROF is profiling process 49598, command: ./cuCOSMA
==49598== Profiling application: ./cuCOSMA
==49598== Profiling result:
"Type","Time(%)","Time","Calls","Avg","Min","Max","Name"
,%,ms,,ms,ms,ms,
"GPU activities",98.790692,171.805682,100,1.718056,1.707314,1.726226,"cosmaSgemm_kernel(float const *, int, float const *, int, float*, int)"
"GPU activities",1.122018,1.951288,100,0.019512,0.018816,0.022624,"void scal_kernel_val<double, double>(cublasScalParamsVal<double, double>)"
"GPU activities",0.087289,0.151804,100,0.001518,0.001471,0.002080,"[CUDA memcpy HtoD]"
No API activities were profiled.
