==44443== NVPROF is profiling process 44443, command: ./cuCOSMA
==44443== Profiling application: ./cuCOSMA
==44443== Profiling result:
"Type","Time(%)","Time","Calls","Avg","Min","Max","Name"
,%,ms,,us,us,us,
"GPU activities",61.799250,5.657319,100,56.573000,54.815000,58.815000,"cosmaSgemm_kernel(float const *, int, float const *, int, float*, int)"
"GPU activities",26.146938,2.393582,100,23.935000,20.096000,27.167000,"void scal_kernel_val<double, double>(cublasScalParamsVal<double, double>)"
"GPU activities",8.726006,0.798809,100,7.988000,5.952000,8.800000,"void scal_kernel_val<float, float>(cublasScalParamsVal<float, float>)"
"GPU activities",3.327806,0.304639,200,1.523000,1.471000,1.888000,"[CUDA memcpy HtoD]"
No API activities were profiled.
