==47124== NVPROF is profiling process 47124, command: ./cuCOSMA
==47124== Profiling application: ./cuCOSMA
==47124== Profiling result:
"Type","Time(%)","Time","Calls","Avg","Min","Max","Name"
,%,ms,,us,us,us,
"GPU activities",93.391639,30.194250,100,301.942000,287.038000,306.845000,"cosmaSgemm_kernel(float const *, int, float const *, int, float*, int)"
"GPU activities",6.140306,1.985209,100,19.852000,19.232000,20.640000,"void scal_kernel_val<double, double>(cublasScalParamsVal<double, double>)"
"GPU activities",0.468055,0.151326,100,1.513000,1.472000,1.824000,"[CUDA memcpy HtoD]"
No API activities were profiled.
