==54012== NVPROF is profiling process 54012, command: ./cuCOSMA
==54012== Profiling application: ./cuCOSMA
==54012== Profiling result:
"Type","Time(%)","Time","Calls","Avg","Min","Max","Name"
,%,s,,ms,ms,ms,
"GPU activities",99.980774,10.056443,100,100.564433,100.401181,100.981784,"cosmaSgemm_kernel(float const *, int, float const *, int, float*, int)"
"GPU activities",0.017318,0.001742,100,0.017419,0.016608,0.018176,"void scal_kernel_val<double, double>(cublasScalParamsVal<double, double>)"
"GPU activities",0.001908,0.000192,100,0.001919,0.001887,0.002240,"[CUDA memcpy HtoD]"
No API activities were profiled.
