==41857== NVPROF is profiling process 41857, command: ./cuCOSMA
==41857== Profiling application: ./cuCOSMA
==41857== Profiling result:
"Type","Time(%)","Time","Calls","Avg","Min","Max","Name"
,%,ms,,us,us,us,
"GPU activities",59.684542,2.287576,100,22.875000,22.080000,24.064000,"void scal_kernel_val<double, double>(cublasScalParamsVal<double, double>)"
"GPU activities",21.919375,0.840121,100,8.401000,7.968000,11.872000,"cosmaSgemm_kernel(float const *, int, float const *, int, float*, int)"
"GPU activities",10.518820,0.403163,100,4.031000,3.648000,4.576000,"void scal_kernel_val<float, float>(cublasScalParamsVal<float, float>)"
"GPU activities",7.877263,0.301918,200,1.509000,1.472000,2.176000,"[CUDA memcpy HtoD]"
No API activities were profiled.
