==45938== NVPROF is profiling process 45938, command: ./cuCOSMA
==45938== Profiling application: ./cuCOSMA
==45938== Profiling result:
"Type","Time(%)","Time","Calls","Avg","Min","Max","Name"
,%,ms,,us,us,us,
"GPU activities",51.795657,3.792738,100,37.927000,36.575000,39.648000,"cosmaSgemm_kernel(float const *, int, float const *, int, float*, int)"
"GPU activities",33.046765,2.419850,100,24.198000,22.144000,25.535000,"void scal_kernel_val<double, double>(cublasScalParamsVal<double, double>)"
"GPU activities",11.010362,0.806234,100,8.062000,6.240000,8.736000,"void scal_kernel_val<float, float>(cublasScalParamsVal<float, float>)"
"GPU activities",4.147216,0.303680,200,1.518000,1.472000,2.272000,"[CUDA memcpy HtoD]"
No API activities were profiled.
