==51220== NVPROF is profiling process 51220, command: ./cuCOSMA
==51220== Profiling application: ./cuCOSMA
==51220== Profiling result:
"Type","Time(%)","Time","Calls","Avg","Min","Max","Name"
,%,s,,ms,ms,ms,
"GPU activities",99.822311,1.169010,100,11.690100,11.405338,12.247378,"cosmaSgemm_kernel(float const *, int, float const *, int, float*, int)"
"GPU activities",0.161114,0.001887,100,0.018867,0.016096,0.020159,"void scal_kernel_val<double, double>(cublasScalParamsVal<double, double>)"
"GPU activities",0.016575,0.000194,100,0.001941,0.001887,0.002240,"[CUDA memcpy HtoD]"
No API activities were profiled.
