==41219== NVPROF is profiling process 41219, command: ./cuCOSMA
==41219== Profiling application: ./cuCOSMA
==41219== Profiling result:
"Type","Time(%)","Time","Calls","Avg","Min","Max","Name"
,%,ms,,us,us,us,
"GPU activities",58.102185,2.295346,100,22.953000,22.240000,23.744000,"void scal_kernel_val<double, double>(cublasScalParamsVal<double, double>)"
"GPU activities",23.990813,0.947765,100,9.477000,8.864000,22.015000,"cosmaSgemm_kernel(float const *, int, float const *, int, float*, int)"
"GPU activities",10.265349,0.405536,100,4.055000,3.840000,4.608000,"void scal_kernel_val<float, float>(cublasScalParamsVal<float, float>)"
"GPU activities",7.641652,0.301886,200,1.509000,1.472000,1.888000,"[CUDA memcpy HtoD]"
No API activities were profiled.
