==47542== NVPROF is profiling process 47542, command: ./cuCOSMA
==47542== Profiling application: ./cuCOSMA
==47542== Profiling result:
"Type","Time(%)","Time","Calls","Avg","Min","Max","Name"
,%,ms,,us,us,us,
"GPU activities",86.758562,27.205814,100,272.058000,268.478000,275.390000,"cosmaSgemm_kernel(float const *, int, float const *, int, float*, int)"
"GPU activities",6.179324,1.937717,100,19.377000,18.783000,20.096000,"void scal_kernel_val<double, double>(cublasScalParamsVal<double, double>)"
"GPU activities",6.084312,1.907923,100,19.079000,11.360000,19.776000,"void scal_kernel_val<float, float>(cublasScalParamsVal<float, float>)"
"GPU activities",0.977802,0.306620,200,1.533000,1.472000,2.656000,"[CUDA memcpy HtoD]"
No API activities were profiled.
