==39609== NVPROF is profiling process 39609, command: ./cuCOSMA
==39609== Profiling application: ./cuCOSMA
==39609== Profiling result:
"Type","Time(%)","Time","Calls","Avg","Min","Max","Name"
,%,ms,,us,us,us,
"GPU activities",65.801329,2.277486,100,22.774000,22.080000,24.768000,"void scal_kernel_val<double, double>(cublasScalParamsVal<double, double>)"
"GPU activities",13.863378,0.479833,100,4.798000,4.575000,5.248000,"cosmaSgemm_kernel(float const *, int, float const *, int, float*, int)"
"GPU activities",11.504974,0.398205,100,3.982000,3.776000,4.352000,"void scal_kernel_val<float, float>(cublasScalParamsVal<float, float>)"
"GPU activities",8.830318,0.305631,200,1.528000,1.472000,2.208000,"[CUDA memcpy HtoD]"
No API activities were profiled.
