==47019== NVPROF is profiling process 47019, command: ./cuCOSMA
==47019== Profiling application: ./cuCOSMA
==47019== Profiling result:
"Type","Time(%)","Time","Calls","Avg","Min","Max","Name"
,%,ms,,us,us,us,
"GPU activities",86.447042,26.482946,100,264.829000,255.166000,289.725000,"cosmaSgemm_kernel(float const *, int, float const *, int, float*, int)"
"GPU activities",6.323407,1.937168,100,19.371000,18.688000,24.544000,"void scal_kernel_val<double, double>(cublasScalParamsVal<double, double>)"
"GPU activities",6.236493,1.910542,100,19.105000,11.040000,19.744000,"void scal_kernel_val<float, float>(cublasScalParamsVal<float, float>)"
"GPU activities",0.993058,0.304222,200,1.521000,1.472000,2.240000,"[CUDA memcpy HtoD]"
No API activities were profiled.
