==39087== NVPROF is profiling process 39087, command: ./cuCOSMA
==39087== Profiling application: ./cuCOSMA
==39087== Profiling result:
"Type","Time(%)","Time","Calls","Avg","Min","Max","Name"
,%,ms,,us,us,us,
"GPU activities",63.401983,2.278860,100,22.788000,22.080000,24.256000,"void scal_kernel_val<double, double>(cublasScalParamsVal<double, double>)"
"GPU activities",16.995669,0.610876,100,6.108000,5.536000,6.784000,"cosmaSgemm_kernel(float const *, int, float const *, int, float*, int)"
"GPU activities",11.137539,0.400317,100,4.003000,3.776000,4.640000,"void scal_kernel_val<float, float>(cublasScalParamsVal<float, float>)"
"GPU activities",8.464810,0.304251,200,1.521000,1.472000,1.920000,"[CUDA memcpy HtoD]"
No API activities were profiled.
