==44549== NVPROF is profiling process 44549, command: ./cuCOSMA
==44549== Profiling application: ./cuCOSMA
==44549== Profiling result:
"Type","Time(%)","Time","Calls","Avg","Min","Max","Name"
,%,ms,,us,us,us,
"GPU activities",57.656197,4.775834,100,47.758000,46.559000,53.280000,"cosmaSgemm_kernel(float const *, int, float const *, int, float*, int)"
"GPU activities",28.992670,2.401549,100,24.015000,20.256000,25.152000,"void scal_kernel_val<double, double>(cublasScalParamsVal<double, double>)"
"GPU activities",9.673395,0.801276,100,8.012000,5.760000,8.672000,"void scal_kernel_val<float, float>(cublasScalParamsVal<float, float>)"
"GPU activities",3.677738,0.304638,200,1.523000,1.472000,1.856000,"[CUDA memcpy HtoD]"
No API activities were profiled.
