==53158== NVPROF is profiling process 53158, command: ./cuCOSMA
==53158== Profiling application: ./cuCOSMA
==53158== Profiling result:
"Type","Time(%)","Time","Calls","Avg","Min","Max","Name"
,%,s,,ms,ms,ms,
"GPU activities",99.978969,9.539515,100,95.395148,95.038158,95.806503,"cosmaSgemm_kernel(float const *, int, float const *, int, float*, int)"
"GPU activities",0.019015,0.001814,100,0.018143,0.017472,0.019520,"void scal_kernel_val<double, double>(cublasScalParamsVal<double, double>)"
"GPU activities",0.002016,0.000192,100,0.001923,0.001887,0.002336,"[CUDA memcpy HtoD]"
No API activities were profiled.
