==41643== NVPROF is profiling process 41643, command: ./cuCOSMA
==41643== Profiling application: ./cuCOSMA
==41643== Profiling result:
"Type","Time(%)","Time","Calls","Avg","Min","Max","Name"
,%,ms,,us,us,us,
"GPU activities",58.223702,2.286726,100,22.867000,22.144000,24.319000,"void scal_kernel_val<double, double>(cublasScalParamsVal<double, double>)"
"GPU activities",23.790351,0.934362,100,9.343000,8.768000,9.952000,"cosmaSgemm_kernel(float const *, int, float const *, int, float*, int)"
"GPU activities",10.257104,0.402846,100,4.028000,3.840000,4.480000,"void scal_kernel_val<float, float>(cublasScalParamsVal<float, float>)"
"GPU activities",7.728843,0.303549,200,1.517000,1.472000,2.176000,"[CUDA memcpy HtoD]"
No API activities were profiled.
