==52077== NVPROF is profiling process 52077, command: ./cuCOSMA
==52077== Profiling application: ./cuCOSMA
==52077== Profiling result:
"Type","Time(%)","Time","Calls","Avg","Min","Max","Name"
,%,s,,ms,ms,ms,
"GPU activities",99.873267,1.507840,100,15.078395,14.621790,15.555126,"cosmaSgemm_kernel(float const *, int, float const *, int, float*, int)"
"GPU activities",0.113743,0.001717,100,0.017172,0.016160,0.019584,"void scal_kernel_val<double, double>(cublasScalParamsVal<double, double>)"
"GPU activities",0.012991,0.000196,100,0.001961,0.001888,0.002464,"[CUDA memcpy HtoD]"
No API activities were profiled.
