==37899== NVPROF is profiling process 37899, command: ./cuCOSMA
==37899== Profiling application: ./cuCOSMA
==37899== Profiling result:
"Type","Time(%)","Time","Calls","Avg","Min","Max","Name"
,%,ms,,us,us,us,
"GPU activities",67.382184,2.280236,100,22.802000,22.111000,24.128000,"void scal_kernel_val<double, double>(cublasScalParamsVal<double, double>)"
"GPU activities",12.146391,0.411038,100,4.110000,3.840000,4.800000,"cosmaSgemm_kernel(float const *, int, float const *, int, float*, int)"
"GPU activities",11.482509,0.388572,100,3.885000,3.680000,4.544000,"void scal_kernel_val<float, float>(cublasScalParamsVal<float, float>)"
"GPU activities",8.988917,0.304188,200,1.520000,1.471000,2.624000,"[CUDA memcpy HtoD]"
No API activities were profiled.
