==51326== NVPROF is profiling process 51326, command: ./cuCOSMA
==51326== Profiling application: ./cuCOSMA
==51326== Profiling result:
"Type","Time(%)","Time","Calls","Avg","Min","Max","Name"
,%,s,,ms,ms,ms,
"GPU activities",99.830267,1.260269,100,12.602685,12.598735,12.611119,"cosmaSgemm_kernel(float const *, int, float const *, int, float*, int)"
"GPU activities",0.154245,0.001947,100,0.019472,0.018784,0.020320,"void scal_kernel_val<double, double>(cublasScalParamsVal<double, double>)"
"GPU activities",0.015488,0.000196,100,0.001955,0.001888,0.002528,"[CUDA memcpy HtoD]"
No API activities were profiled.
