==45086== NVPROF is profiling process 45086, command: ./cuCOSMA
==45086== Profiling application: ./cuCOSMA
==45086== Profiling result:
"Type","Time(%)","Time","Calls","Avg","Min","Max","Name"
,%,ms,,us,us,us,
"GPU activities",57.113959,4.664830,100,46.648000,44.704000,48.672000,"cosmaSgemm_kernel(float const *, int, float const *, int, float*, int)"
"GPU activities",29.435489,2.404168,100,24.041000,22.336000,24.991000,"void scal_kernel_val<double, double>(cublasScalParamsVal<double, double>)"
"GPU activities",9.725803,0.794363,100,7.943000,6.016000,8.512000,"void scal_kernel_val<float, float>(cublasScalParamsVal<float, float>)"
"GPU activities",3.724749,0.304222,200,1.521000,1.472000,1.856000,"[CUDA memcpy HtoD]"
No API activities were profiled.
