==50330== NVPROF is profiling process 50330, command: ./cuCOSMA
==50330== Profiling application: ./cuCOSMA
==50330== Profiling result:
"Type","Time(%)","Time","Calls","Avg","Min","Max","Name"
,%,s,,ms,ms,ms,
"GPU activities",99.829464,1.257121,100,12.571210,12.550191,12.677997,"cosmaSgemm_kernel(float const *, int, float const *, int, float*, int)"
"GPU activities",0.155213,0.001955,100,0.019545,0.018880,0.020831,"void scal_kernel_val<double, double>(cublasScalParamsVal<double, double>)"
"GPU activities",0.015323,0.000193,100,0.001929,0.001887,0.002240,"[CUDA memcpy HtoD]"
No API activities were profiled.
