==47228== NVPROF is profiling process 47228, command: ./cuCOSMA
==47228== Profiling application: ./cuCOSMA
==47228== Profiling result:
"Type","Time(%)","Time","Calls","Avg","Min","Max","Name"
,%,ms,,us,us,us,
"GPU activities",92.254960,25.275405,100,252.754000,251.998000,253.662000,"cosmaSgemm_kernel(float const *, int, float const *, int, float*, int)"
"GPU activities",7.189428,1.969712,100,19.697000,19.136000,20.320000,"void scal_kernel_val<double, double>(cublasScalParamsVal<double, double>)"
"GPU activities",0.555612,0.152223,100,1.522000,1.472000,1.888000,"[CUDA memcpy HtoD]"
No API activities were profiled.
