==40379== NVPROF is profiling process 40379, command: ./cuCOSMA
==40379== Profiling application: ./cuCOSMA
==40379== Profiling result:
"Type","Time(%)","Time","Calls","Avg","Min","Max","Name"
,%,ms,,us,us,us,
"GPU activities",60.038371,2.290064,100,22.900000,22.112000,24.096000,"void scal_kernel_val<double, double>(cublasScalParamsVal<double, double>)"
"GPU activities",21.434620,0.817588,100,8.175000,7.616000,8.768000,"cosmaSgemm_kernel(float const *, int, float const *, int, float*, int)"
"GPU activities",10.622562,0.405180,100,4.051000,3.904000,4.608000,"void scal_kernel_val<float, float>(cublasScalParamsVal<float, float>)"
"GPU activities",7.904447,0.301502,200,1.507000,1.472000,1.856000,"[CUDA memcpy HtoD]"
No API activities were profiled.
