==58606== NVPROF is profiling process 58606, command: ./cuCOSMA
==58606== Profiling application: ./cuCOSMA
==58606== Profiling result:
"Type","Time(%)","Time","Calls","Avg","Min","Max","Name"
,%,s,,ms,ms,ms,
"GPU activities",99.997459,72.319052,100,723.190522,722.783251,723.923499,"cosmaSgemm_kernel(float const *, int, float const *, int, float*, int)"
"GPU activities",0.002275,0.001646,100,0.016456,0.015456,0.017600,"void scal_kernel_val<double, double>(cublasScalParamsVal<double, double>)"
"GPU activities",0.000265,0.000192,100,0.001920,0.001888,0.002240,"[CUDA memcpy HtoD]"
No API activities were profiled.
