==50242== NVPROF is profiling process 50242, command: ./cuCOSMA
==50242== Profiling application: ./cuCOSMA
==50242== Profiling result:
"Type","Time(%)","Time","Calls","Avg","Min","Max","Name"
,%,ms,,ms,ms,ms,
"GPU activities",98.938400,175.242357,100,1.752423,1.596563,1.826160,"cosmaSgemm_kernel(float const *, int, float const *, int, float*, int)"
"GPU activities",0.976147,1.728977,100,0.017289,0.016191,0.018752,"void scal_kernel_val<double, double>(cublasScalParamsVal<double, double>)"
"GPU activities",0.085454,0.151358,100,0.001513,0.001471,0.001920,"[CUDA memcpy HtoD]"
No API activities were profiled.
