==55423== NVPROF is profiling process 55423, command: ./cuCOSMA
==55423== Profiling application: ./cuCOSMA
==55423== Profiling result:
"Type","Time(%)","Time","Calls","Avg","Min","Max","Name"
,%,s,,ms,ms,ms,
"GPU activities",99.997407,80.981458,100,809.814575,808.307526,812.918240,"cosmaSgemm_kernel(float const *, int, float const *, int, float*, int)"
"GPU activities",0.002354,0.001906,100,0.019062,0.017536,0.021376,"void scal_kernel_val<double, double>(cublasScalParamsVal<double, double>)"
"GPU activities",0.000239,0.000193,100,0.001933,0.001888,0.002400,"[CUDA memcpy HtoD]"
No API activities were profiled.
