==40809== NVPROF is profiling process 40809, command: ./cuCOSMA
==40809== Profiling application: ./cuCOSMA
==40809== Profiling result:
"Type","Time(%)","Time","Calls","Avg","Min","Max","Name"
,%,ms,,us,us,us,
"GPU activities",59.589456,2.286538,100,22.865000,22.112000,23.808000,"void scal_kernel_val<double, double>(cublasScalParamsVal<double, double>)"
"GPU activities",21.969497,0.843003,100,8.430000,7.840000,12.320000,"cosmaSgemm_kernel(float const *, int, float const *, int, float*, int)"
"GPU activities",10.585273,0.406173,100,4.061000,3.872000,4.576000,"void scal_kernel_val<float, float>(cublasScalParamsVal<float, float>)"
"GPU activities",7.855774,0.301438,200,1.507000,1.472000,1.856000,"[CUDA memcpy HtoD]"
No API activities were profiled.
