==46801== NVPROF is profiling process 46801, command: ./cuCOSMA
==46801== Profiling application: ./cuCOSMA
==46801== Profiling result:
"Type","Time(%)","Time","Calls","Avg","Min","Max","Name"
,%,ms,,us,us,us,
"GPU activities",86.468788,26.479457,100,264.794000,251.454000,301.054000,"cosmaSgemm_kernel(float const *, int, float const *, int, float*, int)"
"GPU activities",6.303688,1.930387,100,19.303000,18.752000,19.968000,"void scal_kernel_val<double, double>(cublasScalParamsVal<double, double>)"
"GPU activities",6.235654,1.909553,100,19.095000,10.784000,19.936000,"void scal_kernel_val<float, float>(cublasScalParamsVal<float, float>)"
"GPU activities",0.991871,0.303742,200,1.518000,1.472000,1.888000,"[CUDA memcpy HtoD]"
No API activities were profiled.
