==46907== NVPROF is profiling process 46907, command: ./cuCOSMA
==46907== Profiling application: ./cuCOSMA
==46907== Profiling result:
"Type","Time(%)","Time","Calls","Avg","Min","Max","Name"
,%,ms,,us,us,us,
"GPU activities",86.467426,26.515646,100,265.156000,254.078000,309.309000,"cosmaSgemm_kernel(float const *, int, float const *, int, float*, int)"
"GPU activities",6.310322,1.935090,100,19.350000,18.752000,20.096000,"void scal_kernel_val<double, double>(cublasScalParamsVal<double, double>)"
"GPU activities",6.221414,1.907826,100,19.078000,10.912000,19.968000,"void scal_kernel_val<float, float>(cublasScalParamsVal<float, float>)"
"GPU activities",1.000839,0.306912,200,1.534000,1.472000,2.656000,"[CUDA memcpy HtoD]"
No API activities were profiled.
