==44866== NVPROF is profiling process 44866, command: ./cuCOSMA
==44866== Profiling application: ./cuCOSMA
==44866== Profiling result:
"Type","Time(%)","Time","Calls","Avg","Min","Max","Name"
,%,ms,,us,us,us,
"GPU activities",65.157190,7.111560,100,71.115000,65.152000,75.807000,"cosmaSgemm_kernel(float const *, int, float const *, int, float*, int)"
"GPU activities",22.089828,2.410987,100,24.109000,20.992000,25.248000,"void scal_kernel_val<double, double>(cublasScalParamsVal<double, double>)"
"GPU activities",8.497392,0.927445,100,9.274000,7.264000,10.016000,"void scal_kernel_val<float, float>(cublasScalParamsVal<float, float>)"
"GPU activities",4.255590,0.464475,200,2.322000,1.920000,2.976000,"[CUDA memcpy HtoD]"
No API activities were profiled.
