==47646== NVPROF is profiling process 47646, command: ./cuCOSMA
==47646== Profiling application: ./cuCOSMA
==47646== Profiling result:
"Type","Time(%)","Time","Calls","Avg","Min","Max","Name"
,%,ms,,us,us,us,
"GPU activities",92.681520,26.721894,100,267.218000,266.334000,268.062000,"cosmaSgemm_kernel(float const *, int, float const *, int, float*, int)"
"GPU activities",6.791961,1.958255,100,19.582000,18.976000,20.384000,"void scal_kernel_val<double, double>(cublasScalParamsVal<double, double>)"
"GPU activities",0.526520,0.151806,100,1.518000,1.472000,1.824000,"[CUDA memcpy HtoD]"
No API activities were profiled.
