==51548== NVPROF is profiling process 51548, command: ./cuCOSMA
==51548== Profiling application: ./cuCOSMA
==51548== Profiling result:
"Type","Time(%)","Time","Calls","Avg","Min","Max","Name"
,%,s,,ms,ms,ms,
"GPU activities",99.829207,1.210130,100,12.101303,12.080692,12.135796,"cosmaSgemm_kernel(float const *, int, float const *, int, float*, int)"
"GPU activities",0.154938,0.001878,100,0.018781,0.018016,0.019840,"void scal_kernel_val<double, double>(cublasScalParamsVal<double, double>)"
"GPU activities",0.015855,0.000192,100,0.001921,0.001887,0.002272,"[CUDA memcpy HtoD]"
No API activities were profiled.
