==41541== NVPROF is profiling process 41541, command: ./cuCOSMA
==41541== Profiling application: ./cuCOSMA
==41541== Profiling result:
"Type","Time(%)","Time","Calls","Avg","Min","Max","Name"
,%,ms,,us,us,us,
"GPU activities",58.215705,2.287890,100,22.878000,22.304000,24.160000,"void scal_kernel_val<double, double>(cublasScalParamsVal<double, double>)"
"GPU activities",23.783938,0.934714,100,9.347000,8.735000,13.184000,"cosmaSgemm_kernel(float const *, int, float const *, int, float*, int)"
"GPU activities",10.299255,0.404763,100,4.047000,3.872000,4.576000,"void scal_kernel_val<float, float>(cublasScalParamsVal<float, float>)"
"GPU activities",7.701102,0.302655,200,1.513000,1.472000,2.176000,"[CUDA memcpy HtoD]"
No API activities were profiled.
