==49492== NVPROF is profiling process 49492, command: ./cuCOSMA
==49492== Profiling application: ./cuCOSMA
==49492== Profiling result:
"Type","Time(%)","Time","Calls","Avg","Min","Max","Name"
,%,ms,,ms,ms,ms,
"GPU activities",98.795450,171.497140,100,1.714971,1.704147,1.724274,"cosmaSgemm_kernel(float const *, int, float const *, int, float*, int)"
"GPU activities",1.117153,1.939244,100,0.019392,0.018720,0.020160,"void scal_kernel_val<double, double>(cublasScalParamsVal<double, double>)"
"GPU activities",0.087397,0.151711,100,0.001517,0.001472,0.001920,"[CUDA memcpy HtoD]"
No API activities were profiled.
