==43153== NVPROF is profiling process 43153, command: ./cuCOSMA
==43153== Profiling application: ./cuCOSMA
==43153== Profiling result:
"Type","Time(%)","Time","Calls","Avg","Min","Max","Name"
,%,ms,,us,us,us,
"GPU activities",44.050744,2.325300,100,23.253000,21.632000,24.448000,"void scal_kernel_val<double, double>(cublasScalParamsVal<double, double>)"
"GPU activities",41.412984,2.186061,100,21.860000,19.872000,23.392000,"cosmaSgemm_kernel(float const *, int, float const *, int, float*, int)"
"GPU activities",8.763944,0.462621,100,4.626000,4.224000,5.504000,"void scal_kernel_val<float, float>(cublasScalParamsVal<float, float>)"
"GPU activities",5.772328,0.304703,200,1.523000,1.472000,1.920000,"[CUDA memcpy HtoD]"
No API activities were profiled.
