==53038== NVPROF is profiling process 53038, command: ./cuCOSMA
==53038== Profiling application: ./cuCOSMA
==53038== Profiling result:
"Type","Time(%)","Time","Calls","Avg","Min","Max","Name"
,%,s,,ms,ms,ms,
"GPU activities",99.978843,9.530339,100,95.303387,95.101736,95.815939,"cosmaSgemm_kernel(float const *, int, float const *, int, float*, int)"
"GPU activities",0.019141,0.001825,100,0.018245,0.017408,0.018976,"void scal_kernel_val<double, double>(cublasScalParamsVal<double, double>)"
"GPU activities",0.002016,0.000192,100,0.001921,0.001887,0.002304,"[CUDA memcpy HtoD]"
No API activities were profiled.
