==54481== NVPROF is profiling process 54481, command: ./cuCOSMA
==54481== Profiling application: ./cuCOSMA
==54481== Profiling result:
"Type","Time(%)","Time","Calls","Avg","Min","Max","Name"
,%,s,,ms,ms,ms,
"GPU activities",99.979426,9.108266,100,91.082655,90.700319,91.611384,"cosmaSgemm_kernel(float const *, int, float const *, int, float*, int)"
"GPU activities",0.018437,0.001680,100,0.016796,0.015776,0.018495,"void scal_kernel_val<double, double>(cublasScalParamsVal<double, double>)"
"GPU activities",0.002137,0.000195,100,0.001947,0.001888,0.002464,"[CUDA memcpy HtoD]"
No API activities were profiled.
