==50445== NVPROF is profiling process 50445, command: ./cuCOSMA
==50445== Profiling application: ./cuCOSMA
==50445== Profiling result:
"Type","Time(%)","Time","Calls","Avg","Min","Max","Name"
,%,s,,ms,ms,ms,
"GPU activities",99.829032,1.255486,100,12.554863,12.550511,12.560782,"cosmaSgemm_kernel(float const *, int, float const *, int, float*, int)"
"GPU activities",0.155579,0.001957,100,0.019566,0.018880,0.021120,"void scal_kernel_val<double, double>(cublasScalParamsVal<double, double>)"
"GPU activities",0.015389,0.000194,100,0.001935,0.001888,0.002432,"[CUDA memcpy HtoD]"
No API activities were profiled.
