==46590== NVPROF is profiling process 46590, command: ./cuCOSMA
==46590== Profiling application: ./cuCOSMA
==46590== Profiling result:
"Type","Time(%)","Time","Calls","Avg","Min","Max","Name"
,%,ms,,us,us,us,
"GPU activities",86.860468,27.465689,100,274.656000,270.910000,279.966000,"cosmaSgemm_kernel(float const *, int, float const *, int, float*, int)"
"GPU activities",6.128144,1.937748,100,19.377000,18.752000,20.160000,"void scal_kernel_val<double, double>(cublasScalParamsVal<double, double>)"
"GPU activities",6.046656,1.911981,100,19.119000,10.784000,19.936000,"void scal_kernel_val<float, float>(cublasScalParamsVal<float, float>)"
"GPU activities",0.964733,0.305053,200,1.525000,1.472000,1.856000,"[CUDA memcpy HtoD]"
No API activities were profiled.
