==49281== NVPROF is profiling process 49281, command: ./cuCOSMA
==49281== Profiling application: ./cuCOSMA
==49281== Profiling result:
"Type","Time(%)","Time","Calls","Avg","Min","Max","Name"
,%,ms,,ms,ms,ms,
"GPU activities",98.919124,171.298475,100,1.712984,1.708209,1.717938,"cosmaSgemm_kernel(float const *, int, float const *, int, float*, int)"
"GPU activities",0.992917,1.719437,100,0.017194,0.016576,0.017887,"void scal_kernel_val<double, double>(cublasScalParamsVal<double, double>)"
"GPU activities",0.087959,0.152319,100,0.001523,0.001472,0.001920,"[CUDA memcpy HtoD]"
No API activities were profiled.
