==47759== NVPROF is profiling process 47759, command: ./cuCOSMA
==47759== Profiling application: ./cuCOSMA
==47759== Profiling result:
"Type","Time(%)","Time","Calls","Avg","Min","Max","Name"
,%,ms,,us,us,us,
"GPU activities",97.142112,64.770152,100,647.701000,607.323000,659.515000,"cosmaSgemm_kernel(float const *, int, float const *, int, float*, int)"
"GPU activities",2.630976,1.754221,100,17.542000,16.863000,18.848000,"void scal_kernel_val<double, double>(cublasScalParamsVal<double, double>)"
"GPU activities",0.226912,0.151295,100,1.512000,1.471000,1.856000,"[CUDA memcpy HtoD]"
No API activities were profiled.
