==44654== NVPROF is profiling process 44654, command: ./cuCOSMA
==44654== Profiling application: ./cuCOSMA
==44654== Profiling result:
"Type","Time(%)","Time","Calls","Avg","Min","Max","Name"
,%,ms,,us,us,us,
"GPU activities",61.925743,5.681233,100,56.812000,54.367000,59.103000,"cosmaSgemm_kernel(float const *, int, float const *, int, float*, int)"
"GPU activities",26.043127,2.389266,100,23.892000,20.320000,24.704000,"void scal_kernel_val<double, double>(cublasScalParamsVal<double, double>)"
"GPU activities",8.714407,0.799483,100,7.994000,5.376000,8.640000,"void scal_kernel_val<float, float>(cublasScalParamsVal<float, float>)"
"GPU activities",3.316723,0.304285,200,1.521000,1.472000,1.856000,"[CUDA memcpy HtoD]"
No API activities were profiled.
