==50897== NVPROF is profiling process 50897, command: ./cuCOSMA
==50897== Profiling application: ./cuCOSMA
==50897== Profiling result:
"Type","Time(%)","Time","Calls","Avg","Min","Max","Name"
,%,s,,ms,ms,ms,
"GPU activities",99.857595,1.344986,100,13.449862,13.436167,13.470151,"cosmaSgemm_kernel(float const *, int, float const *, int, float*, int)"
"GPU activities",0.128101,0.001725,100,0.017253,0.016256,0.018176,"void scal_kernel_val<double, double>(cublasScalParamsVal<double, double>)"
"GPU activities",0.014305,0.000193,100,0.001926,0.001887,0.002208,"[CUDA memcpy HtoD]"
No API activities were profiled.
