==43578== NVPROF is profiling process 43578, command: ./cuCOSMA
==43578== Profiling application: ./cuCOSMA
==43578== Profiling result:
"Type","Time(%)","Time","Calls","Avg","Min","Max","Name"
,%,ms,,us,us,us,
"GPU activities",51.115350,2.312209,100,23.122000,22.240000,24.704000,"void scal_kernel_val<double, double>(cublasScalParamsVal<double, double>)"
"GPU activities",31.983269,1.446767,100,14.467000,13.855000,15.328000,"cosmaSgemm_kernel(float const *, int, float const *, int, float*, int)"
"GPU activities",10.180983,0.460538,100,4.605000,4.383000,5.536000,"void scal_kernel_val<float, float>(cublasScalParamsVal<float, float>)"
"GPU activities",6.720398,0.303998,200,1.519000,1.472000,1.824000,"[CUDA memcpy HtoD]"
No API activities were profiled.
