==41429== NVPROF is profiling process 41429, command: ./cuCOSMA
==41429== Profiling application: ./cuCOSMA
==41429== Profiling result:
"Type","Time(%)","Time","Calls","Avg","Min","Max","Name"
,%,ms,,us,us,us,
"GPU activities",57.814878,2.289934,100,22.899000,22.080000,24.448000,"void scal_kernel_val<double, double>(cublasScalParamsVal<double, double>)"
"GPU activities",24.221219,0.959355,100,9.593000,8.928000,13.472000,"cosmaSgemm_kernel(float const *, int, float const *, int, float*, int)"
"GPU activities",10.258902,0.406335,100,4.063000,3.871000,4.832000,"void scal_kernel_val<float, float>(cublasScalParamsVal<float, float>)"
"GPU activities",7.705001,0.305180,200,1.525000,1.472000,2.624000,"[CUDA memcpy HtoD]"
No API activities were profiled.
