==54729== NVPROF is profiling process 54729, command: ./cuCOSMA
==54729== Profiling application: ./cuCOSMA
==54729== Profiling result:
"Type","Time(%)","Time","Calls","Avg","Min","Max","Name"
,%,s,,ms,ms,ms,
"GPU activities",99.997229,80.979847,100,809.798468,808.289831,813.026305,"cosmaSgemm_kernel(float const *, int, float const *, int, float*, int)"
"GPU activities",0.002487,0.002014,100,0.020138,0.018720,0.021984,"void scal_kernel_val<double, double>(cublasScalParamsVal<double, double>)"
"GPU activities",0.000284,0.000230,100,0.002299,0.001920,0.002912,"[CUDA memcpy HtoD]"
No API activities were profiled.
