==43463== NVPROF is profiling process 43463, command: ./cuCOSMA
==43463== Profiling application: ./cuCOSMA
==43463== Profiling result:
"Type","Time(%)","Time","Calls","Avg","Min","Max","Name"
,%,ms,,us,us,us,
"GPU activities",49.662384,2.317809,100,23.178000,22.432000,24.928000,"void scal_kernel_val<double, double>(cublasScalParamsVal<double, double>)"
"GPU activities",33.861009,1.580338,100,15.803000,14.624000,17.024000,"cosmaSgemm_kernel(float const *, int, float const *, int, float*, int)"
"GPU activities",9.960271,0.464859,100,4.648000,4.352000,5.408000,"void scal_kernel_val<float, float>(cublasScalParamsVal<float, float>)"
"GPU activities",6.516336,0.304126,200,1.520000,1.472000,1.888000,"[CUDA memcpy HtoD]"
No API activities were profiled.
