==53285== NVPROF is profiling process 53285, command: ./cuCOSMA
==53285== Profiling application: ./cuCOSMA
==53285== Profiling result:
"Type","Time(%)","Time","Calls","Avg","Min","Max","Name"
,%,s,,ms,ms,ms,
"GPU activities",99.978893,9.533302,100,95.333024,95.061363,95.757325,"cosmaSgemm_kernel(float const *, int, float const *, int, float*, int)"
"GPU activities",0.019065,0.001818,100,0.018179,0.017568,0.019200,"void scal_kernel_val<double, double>(cublasScalParamsVal<double, double>)"
"GPU activities",0.002042,0.000195,100,0.001946,0.001888,0.002240,"[CUDA memcpy HtoD]"
No API activities were profiled.
