==50551== NVPROF is profiling process 50551, command: ./cuCOSMA
==50551== Profiling application: ./cuCOSMA
==50551== Profiling result:
"Type","Time(%)","Time","Calls","Avg","Min","Max","Name"
,%,s,,ms,ms,ms,
"GPU activities",99.828906,1.255611,100,12.556110,12.551758,12.561166,"cosmaSgemm_kernel(float const *, int, float const *, int, float*, int)"
"GPU activities",0.155523,0.001956,100,0.019561,0.019040,0.020128,"void scal_kernel_val<double, double>(cublasScalParamsVal<double, double>)"
"GPU activities",0.015570,0.000196,100,0.001958,0.001888,0.002304,"[CUDA memcpy HtoD]"
No API activities were profiled.
