==43895== NVPROF is profiling process 43895, command: ./cuCOSMA
==43895== Profiling application: ./cuCOSMA
==43895== Profiling result:
"Type","Time(%)","Time","Calls","Avg","Min","Max","Name"
,%,ms,,us,us,us,
"GPU activities",44.862881,2.320144,100,23.201000,22.560000,24.352000,"void scal_kernel_val<double, double>(cublasScalParamsVal<double, double>)"
"GPU activities",40.449711,2.091911,100,20.919000,19.615000,22.048000,"cosmaSgemm_kernel(float const *, int, float const *, int, float*, int)"
"GPU activities",8.828390,0.456572,100,4.565000,4.352000,5.504000,"void scal_kernel_val<float, float>(cublasScalParamsVal<float, float>)"
"GPU activities",5.859019,0.303007,200,1.515000,1.472000,1.888000,"[CUDA memcpy HtoD]"
No API activities were profiled.
