==41972== NVPROF is profiling process 41972, command: ./cuCOSMA
==41972== Profiling application: ./cuCOSMA
==41972== Profiling result:
"Type","Time(%)","Time","Calls","Avg","Min","Max","Name"
,%,ms,,us,us,us,
"GPU activities",59.754916,2.295757,100,22.957000,22.240000,25.216000,"void scal_kernel_val<double, double>(cublasScalParamsVal<double, double>)"
"GPU activities",21.757126,0.835899,100,8.358000,8.032000,11.552000,"cosmaSgemm_kernel(float const *, int, float const *, int, float*, int)"
"GPU activities",10.611993,0.407708,100,4.077000,3.520000,4.544000,"void scal_kernel_val<float, float>(cublasScalParamsVal<float, float>)"
"GPU activities",7.875964,0.302591,200,1.512000,1.472000,1.920000,"[CUDA memcpy HtoD]"
No API activities were profiled.
