==46376== NVPROF is profiling process 46376, command: ./cuCOSMA
==46376== Profiling application: ./cuCOSMA
==46376== Profiling result:
"Type","Time(%)","Time","Calls","Avg","Min","Max","Name"
,%,ms,,us,us,us,
"GPU activities",86.834936,27.422537,100,274.225000,270.558000,279.166000,"cosmaSgemm_kernel(float const *, int, float const *, int, float*, int)"
"GPU activities",6.144986,1.940591,100,19.405000,18.752000,24.192000,"void scal_kernel_val<double, double>(cublasScalParamsVal<double, double>)"
"GPU activities",6.055622,1.912370,100,19.123000,10.816000,20.096000,"void scal_kernel_val<float, float>(cublasScalParamsVal<float, float>)"
"GPU activities",0.964456,0.304576,200,1.522000,1.472000,2.624000,"[CUDA memcpy HtoD]"
No API activities were profiled.
