==45727== NVPROF is profiling process 45727, command: ./cuCOSMA
==45727== Profiling application: ./cuCOSMA
==45727== Profiling result:
"Type","Time(%)","Time","Calls","Avg","Min","Max","Name"
,%,ms,,us,us,us,
"GPU activities",86.036798,11.074402,100,110.744000,100.927000,112.575000,"cosmaSgemm_kernel(float const *, int, float const *, int, float*, int)"
"GPU activities",12.783560,1.645462,100,16.454000,15.680000,20.128000,"void scal_kernel_val<double, double>(cublasScalParamsVal<double, double>)"
"GPU activities",1.179642,0.151840,100,1.518000,1.472000,1.824000,"[CUDA memcpy HtoD]"
No API activities were profiled.
