==39717== NVPROF is profiling process 39717, command: ./cuCOSMA
==39717== Profiling application: ./cuCOSMA
==39717== Profiling result:
"Type","Time(%)","Time","Calls","Avg","Min","Max","Name"
,%,ms,,us,us,us,
"GPU activities",64.546290,2.272245,100,22.722000,21.952000,23.680000,"void scal_kernel_val<double, double>(cublasScalParamsVal<double, double>)"
"GPU activities",15.347578,0.540286,100,5.402000,5.120000,6.176000,"cosmaSgemm_kernel(float const *, int, float const *, int, float*, int)"
"GPU activities",11.373353,0.400380,100,4.003000,3.807000,4.640000,"void scal_kernel_val<float, float>(cublasScalParamsVal<float, float>)"
"GPU activities",8.732779,0.307423,200,1.537000,1.471000,2.592000,"[CUDA memcpy HtoD]"
No API activities were profiled.
