==56103== NVPROF is profiling process 56103, command: ./cuCOSMA
==56103== Profiling application: ./cuCOSMA
==56103== Profiling result:
"Type","Time(%)","Time","Calls","Avg","Min","Max","Name"
,%,s,,ms,ms,ms,
"GPU activities",99.997644,78.702857,100,787.028571,784.682200,789.717488,"cosmaSgemm_kernel(float const *, int, float const *, int, float*, int)"
"GPU activities",0.002110,0.001661,100,0.016605,0.016000,0.017600,"void scal_kernel_val<double, double>(cublasScalParamsVal<double, double>)"
"GPU activities",0.000246,0.000194,100,0.001939,0.001887,0.002272,"[CUDA memcpy HtoD]"
No API activities were profiled.
