==44231== NVPROF is profiling process 44231, command: ./cuCOSMA
==44231== Profiling application: ./cuCOSMA
==44231== Profiling result:
"Type","Time(%)","Time","Calls","Avg","Min","Max","Name"
,%,ms,,us,us,us,
"GPU activities",80.464688,13.793137,100,137.931000,135.679000,140.415000,"cosmaSgemm_kernel(float const *, int, float const *, int, float*, int)"
"GPU activities",13.074644,2.241236,100,22.412000,21.632000,23.040000,"void scal_kernel_val<double, double>(cublasScalParamsVal<double, double>)"
"GPU activities",4.681461,0.802489,100,8.024000,5.376000,8.768000,"void scal_kernel_val<float, float>(cublasScalParamsVal<float, float>)"
"GPU activities",1.779207,0.304989,200,1.524000,1.472000,1.856000,"[CUDA memcpy HtoD]"
No API activities were profiled.
