==43688== NVPROF is profiling process 43688, command: ./cuCOSMA
==43688== Profiling application: ./cuCOSMA
==43688== Profiling result:
"Type","Time(%)","Time","Calls","Avg","Min","Max","Name"
,%,ms,,us,us,us,
"GPU activities",46.437230,2.324240,100,23.242000,21.600000,25.312000,"void scal_kernel_val<double, double>(cublasScalParamsVal<double, double>)"
"GPU activities",38.289556,1.916439,100,19.164000,18.367000,20.384000,"cosmaSgemm_kernel(float const *, int, float const *, int, float*, int)"
"GPU activities",9.213582,0.461151,100,4.611000,4.352000,5.376000,"void scal_kernel_val<float, float>(cublasScalParamsVal<float, float>)"
"GPU activities",6.059633,0.303292,200,1.516000,1.472000,1.888000,"[CUDA memcpy HtoD]"
No API activities were profiled.
