==42196== NVPROF is profiling process 42196, command: ./cuCOSMA
==42196== Profiling application: ./cuCOSMA
==42196== Profiling result:
"Type","Time(%)","Time","Calls","Avg","Min","Max","Name"
,%,ms,,us,us,us,
"GPU activities",47.031780,2.310320,100,23.103000,22.080000,24.928000,"void scal_kernel_val<double, double>(cublasScalParamsVal<double, double>)"
"GPU activities",37.213474,1.828020,100,18.280000,17.824000,19.423000,"cosmaSgemm_kernel(float const *, int, float const *, int, float*, int)"
"GPU activities",9.579230,0.470556,100,4.705000,4.448000,5.440000,"void scal_kernel_val<float, float>(cublasScalParamsVal<float, float>)"
"GPU activities",6.175517,0.303357,200,1.516000,1.472000,1.952000,"[CUDA memcpy HtoD]"
No API activities were profiled.
