==42838== NVPROF is profiling process 42838, command: ./cuCOSMA
==42838== Profiling application: ./cuCOSMA
==42838== Profiling result:
"Type","Time(%)","Time","Calls","Avg","Min","Max","Name"
,%,ms,,us,us,us,
"GPU activities",49.048236,2.309576,100,23.095000,22.368000,24.319000,"void scal_kernel_val<double, double>(cublasScalParamsVal<double, double>)"
"GPU activities",34.591683,1.628848,100,16.288000,15.360000,17.664000,"cosmaSgemm_kernel(float const *, int, float const *, int, float*, int)"
"GPU activities",9.902066,0.466267,100,4.662000,4.416000,5.248000,"void scal_kernel_val<float, float>(cublasScalParamsVal<float, float>)"
"GPU activities",6.458014,0.304094,200,1.520000,1.471000,1.856000,"[CUDA memcpy HtoD]"
No API activities were profiled.
