==48741== NVPROF is profiling process 48741, command: ./cuCOSMA
==48741== Profiling application: ./cuCOSMA
==48741== Profiling result:
"Type","Time(%)","Time","Calls","Avg","Min","Max","Name"
,%,ms,,ms,ms,ms,
"GPU activities",99.023478,221.582103,100,2.215821,2.205005,2.219949,"cosmaSgemm_kernel(float const *, int, float const *, int, float*, int)"
"GPU activities",0.908752,2.033489,100,0.020334,0.019775,0.021440,"void scal_kernel_val<double, double>(cublasScalParamsVal<double, double>)"
"GPU activities",0.067770,0.151648,100,0.001516,0.001472,0.001920,"[CUDA memcpy HtoD]"
No API activities were profiled.
