==46695== NVPROF is profiling process 46695, command: ./cuCOSMA
==46695== Profiling application: ./cuCOSMA
==46695== Profiling result:
"Type","Time(%)","Time","Calls","Avg","Min","Max","Name"
,%,ms,,us,us,us,
"GPU activities",94.624022,37.583563,100,375.835000,362.397000,380.285000,"cosmaSgemm_kernel(float const *, int, float const *, int, float*, int)"
"GPU activities",4.995385,1.984109,100,19.841000,19.200000,21.024000,"void scal_kernel_val<double, double>(cublasScalParamsVal<double, double>)"
"GPU activities",0.380593,0.151167,100,1.511000,1.472000,1.792000,"[CUDA memcpy HtoD]"
No API activities were profiled.
