==156163== NVPROF is profiling process 156163, command: ./cuCOSMA
==156163== Profiling application: ./cuCOSMA
==156163== Profiling result:
"Type","Time(%)","Time","Calls","Avg","Min","Max","Name"
,%,ms,,us,us,us,
"GPU activities",86.879367,27.427327,100,274.273000,271.550000,278.110000,"cosmaSgemm_kernel(float const *, int, float const *, int, float*, int)"
"GPU activities",6.100432,1.925872,100,19.258000,18.655000,19.775000,"void scal_kernel_val<double, double>(cublasScalParamsVal<double, double>)"
"GPU activities",6.061413,1.913554,100,19.135000,10.784000,19.936000,"void scal_kernel_val<float, float>(cublasScalParamsVal<float, float>)"
"GPU activities",0.958788,0.302684,200,1.513000,1.472000,1.856000,"[CUDA memcpy HtoD]"
No API activities were profiled.
