==165093== NVPROF is profiling process 165093, command: ./cuCOSMA
==165093== Profiling application: ./cuCOSMA
==165093== Profiling result:
"Type","Time(%)","Time","Calls","Avg","Min","Max","Name"
,%,s,,ms,ms,ms,
"GPU activities",99.845792,1.227294,100,12.272941,12.244695,12.398102,"cosmaSgemm_kernel(float const *, int, float const *, int, float*, int)"
"GPU activities",0.138333,0.001700,100,0.017003,0.016416,0.018240,"void scal_kernel_val<double, double>(cublasScalParamsVal<double, double>)"
"GPU activities",0.015875,0.000195,100,0.001951,0.001888,0.002272,"[CUDA memcpy HtoD]"
No API activities were profiled.
