==177818== NVPROF is profiling process 177818, command: ./cuCOSMA
==177818== Profiling application: ./cuCOSMA
==177818== Profiling result:
"Type","Time(%)","Time","Calls","Avg","Min","Max","Name"
,%,s,,ms,ms,ms,
"GPU activities",99.997582,74.476980,100,744.769799,744.367635,745.891720,"cosmaSgemm_kernel(float const *, int, float const *, int, float*, int)"
"GPU activities",0.002159,0.001608,100,0.016079,0.015104,0.017280,"void scal_kernel_val<double, double>(cublasScalParamsVal<double, double>)"
"GPU activities",0.000259,0.000193,100,0.001926,0.001887,0.002304,"[CUDA memcpy HtoD]"
No API activities were profiled.
