==179228== NVPROF is profiling process 179228, command: ./cuCOSMA
==179228== Profiling application: ./cuCOSMA
==179228== Profiling result:
"Type","Time(%)","Time","Calls","Avg","Min","Max","Name"
,%,s,,s,s,s,
"GPU activities",99.890588,251.024067,100,2.510241,2.509393,2.511974,"cosmaSgemm_kernel(float const *, int, float const *, int, float*, int)"
"GPU activities",0.108610,0.272935,100,0.002729,0.002722,0.002731,"void scal_kernel_val<float, float>(cublasScalParamsVal<float, float>)"
"GPU activities",0.000649,0.001631,100,0.000016,0.000016,0.000017,"void scal_kernel_val<double, double>(cublasScalParamsVal<double, double>)"
"GPU activities",0.000153,0.000385,200,0.000002,0.000002,0.000002,"[CUDA memcpy HtoD]"
No API activities were profiled.
