==158745== NVPROF is profiling process 158745, command: ./cuCOSMA
==158745== Profiling application: ./cuCOSMA
==158745== Profiling result:
"Type","Time(%)","Time","Calls","Avg","Min","Max","Name"
,%,ms,,ms,ms,ms,
"GPU activities",99.103905,231.749513,100,2.317495,2.309164,2.321837,"cosmaSgemm_kernel(float const *, int, float const *, int, float*, int)"
"GPU activities",0.828783,1.938067,100,0.019380,0.018656,0.020352,"void scal_kernel_val<double, double>(cublasScalParamsVal<double, double>)"
"GPU activities",0.067312,0.157406,100,0.001574,0.001472,0.002624,"[CUDA memcpy HtoD]"
No API activities were profiled.
