==161955== NVPROF is profiling process 161955, command: ./cuCOSMA
==161955== Profiling application: ./cuCOSMA
==161955== Profiling result:
"Type","Time(%)","Time","Calls","Avg","Min","Max","Name"
,%,s,,ms,ms,ms,
"GPU activities",99.848186,1.371664,100,13.716641,13.706663,13.731078,"cosmaSgemm_kernel(float const *, int, float const *, int, float*, int)"
"GPU activities",0.137810,0.001893,100,0.018931,0.018207,0.019807,"void scal_kernel_val<double, double>(cublasScalParamsVal<double, double>)"
"GPU activities",0.014004,0.000192,100,0.001923,0.001887,0.002208,"[CUDA memcpy HtoD]"
No API activities were profiled.
