==157008== NVPROF is profiling process 157008, command: ./cuCOSMA
==157008== Profiling application: ./cuCOSMA
==157008== Profiling result:
"Type","Time(%)","Time","Calls","Avg","Min","Max","Name"
,%,ms,,us,us,us,
"GPU activities",87.732963,29.614416,100,296.144000,286.558000,303.837000,"cosmaSgemm_kernel(float const *, int, float const *, int, float*, int)"
"GPU activities",5.719037,1.930471,100,19.304000,18.752000,19.904000,"void scal_kernel_val<double, double>(cublasScalParamsVal<double, double>)"
"GPU activities",5.646355,1.905937,100,19.059000,10.848000,19.968000,"void scal_kernel_val<float, float>(cublasScalParamsVal<float, float>)"
"GPU activities",0.901645,0.304352,200,1.521000,1.472000,1.920000,"[CUDA memcpy HtoD]"
No API activities were profiled.
