==150122== NVPROF is profiling process 150122, command: ./cuCOSMA
==150122== Profiling application: ./cuCOSMA
==150122== Profiling result:
"Type","Time(%)","Time","Calls","Avg","Min","Max","Name"
,%,ms,,us,us,us,
"GPU activities",58.846398,2.334988,100,23.349000,22.720000,24.447000,"void scal_kernel_val<double, double>(cublasScalParamsVal<double, double>)"
"GPU activities",19.856590,0.787897,100,7.878000,7.360000,12.768000,"cosmaSgemm_kernel(float const *, int, float const *, int, float*, int)"
"GPU activities",11.639625,0.461853,100,4.618000,3.840000,5.120000,"void scal_kernel_val<float, float>(cublasScalParamsVal<float, float>)"
"GPU activities",9.657386,0.383199,200,1.915000,1.472000,2.816000,"[CUDA memcpy HtoD]"
No API activities were profiled.
