==171015== NVPROF is profiling process 171015, command: ./cuCOSMA
==171015== Profiling application: ./cuCOSMA
==171015== Profiling result:
"Type","Time(%)","Time","Calls","Avg","Min","Max","Name"
,%,s,,ms,ms,ms,
"GPU activities",99.980843,10.587299,100,105.872994,103.902349,107.663024,"cosmaSgemm_kernel(float const *, int, float const *, int, float*, int)"
"GPU activities",0.016902,0.001790,100,0.017897,0.017152,0.019008,"void scal_kernel_val<double, double>(cublasScalParamsVal<double, double>)"
"GPU activities",0.002255,0.000239,100,0.002387,0.001920,0.003200,"[CUDA memcpy HtoD]"
No API activities were profiled.
