==154031== NVPROF is profiling process 154031, command: ./cuCOSMA
==154031== Profiling application: ./cuCOSMA
==154031== Profiling result:
"Type","Time(%)","Time","Calls","Avg","Min","Max","Name"
,%,ms,,us,us,us,
"GPU activities",58.196616,5.383869,100,53.838000,49.856000,57.791000,"cosmaSgemm_kernel(float const *, int, float const *, int, float*, int)"
"GPU activities",26.743930,2.474127,100,24.741000,23.872000,25.919000,"void scal_kernel_val<double, double>(cublasScalParamsVal<double, double>)"
"GPU activities",10.003089,0.925403,100,9.254000,6.560000,10.175000,"void scal_kernel_val<float, float>(cublasScalParamsVal<float, float>)"
"GPU activities",5.056365,0.467773,200,2.338000,1.920000,2.752000,"[CUDA memcpy HtoD]"
No API activities were profiled.
