==144678== NVPROF is profiling process 144678, command: ./cuCOSMA
==144678== Profiling application: ./cuCOSMA
==144678== Profiling result:
"Type","Time(%)","Time","Calls","Avg","Min","Max","Name"
,%,ms,,us,us,us,
"GPU activities",64.764492,2.273744,100,22.737000,22.048000,23.744000,"void scal_kernel_val<double, double>(cublasScalParamsVal<double, double>)"
"GPU activities",15.562347,0.546361,100,5.463000,5.023000,6.112000,"cosmaSgemm_kernel(float const *, int, float const *, int, float*, int)"
"GPU activities",11.084378,0.389149,100,3.891000,3.679000,4.320000,"void scal_kernel_val<float, float>(cublasScalParamsVal<float, float>)"
"GPU activities",8.588784,0.301534,200,1.507000,1.472000,1.952000,"[CUDA memcpy HtoD]"
No API activities were profiled.
