==163449== NVPROF is profiling process 163449, command: ./cuCOSMA
==163449== Profiling application: ./cuCOSMA
==163449== Profiling result:
"Type","Time(%)","Time","Calls","Avg","Min","Max","Name"
,%,s,,ms,ms,ms,
"GPU activities",99.920887,2.285566,100,22.855661,22.098622,23.297747,"cosmaSgemm_kernel(float const *, int, float const *, int, float*, int)"
"GPU activities",0.070772,0.001619,100,0.016188,0.015296,0.017248,"void scal_kernel_val<double, double>(cublasScalParamsVal<double, double>)"
"GPU activities",0.008341,0.000191,100,0.001907,0.001888,0.002016,"[CUDA memcpy HtoD]"
No API activities were profiled.
