==146110== NVPROF is profiling process 146110, command: ./cuCOSMA
==146110== Profiling application: ./cuCOSMA
==146110== Profiling result:
"Type","Time(%)","Time","Calls","Avg","Min","Max","Name"
,%,ms,,us,us,us,
"GPU activities",65.703249,2.269611,100,22.696000,21.951000,24.192000,"void scal_kernel_val<double, double>(cublasScalParamsVal<double, double>)"
"GPU activities",14.024229,0.484444,100,4.844000,4.576000,5.568000,"cosmaSgemm_kernel(float const *, int, float const *, int, float*, int)"
"GPU activities",11.489647,0.396891,100,3.968000,3.775000,4.511000,"void scal_kernel_val<float, float>(cublasScalParamsVal<float, float>)"
"GPU activities",8.782875,0.303390,200,1.516000,1.471000,1.856000,"[CUDA memcpy HtoD]"
No API activities were profiled.
