==143731== NVPROF is profiling process 143731, command: ./cuCOSMA
==143731== Profiling application: ./cuCOSMA
==143731== Profiling result:
"Type","Time(%)","Time","Calls","Avg","Min","Max","Name"
,%,ms,,us,us,us,
"GPU activities",66.687069,2.278223,100,22.782000,21.920000,24.032000,"void scal_kernel_val<double, double>(cublasScalParamsVal<double, double>)"
"GPU activities",13.100385,0.447547,100,4.475000,4.192000,4.832000,"cosmaSgemm_kernel(float const *, int, float const *, int, float*, int)"
"GPU activities",11.372223,0.388508,100,3.885000,3.680000,4.512000,"void scal_kernel_val<float, float>(cublasScalParamsVal<float, float>)"
"GPU activities",8.840324,0.302011,200,1.510000,1.472000,1.856000,"[CUDA memcpy HtoD]"
No API activities were profiled.
