==157617== NVPROF is profiling process 157617, command: ./cuCOSMA
==157617== Profiling application: ./cuCOSMA
==157617== Profiling result:
"Type","Time(%)","Time","Calls","Avg","Min","Max","Name"
,%,ms,,us,us,us,
"GPU activities",87.757926,29.819114,100,298.191000,291.198000,305.501000,"cosmaSgemm_kernel(float const *, int, float const *, int, float*, int)"
"GPU activities",5.719109,1.943286,100,19.432000,18.816000,28.864000,"void scal_kernel_val<double, double>(cublasScalParamsVal<double, double>)"
"GPU activities",5.629997,1.913007,100,19.130000,10.944000,19.840000,"void scal_kernel_val<float, float>(cublasScalParamsVal<float, float>)"
"GPU activities",0.892968,0.303420,200,1.517000,1.472000,1.856000,"[CUDA memcpy HtoD]"
No API activities were profiled.
