==151335== NVPROF is profiling process 151335, command: ./cuCOSMA
==151335== Profiling application: ./cuCOSMA
==151335== Profiling result:
"Type","Time(%)","Time","Calls","Avg","Min","Max","Name"
,%,ms,,us,us,us,
"GPU activities",48.980745,2.322736,100,23.227000,22.336000,25.184000,"void scal_kernel_val<double, double>(cublasScalParamsVal<double, double>)"
"GPU activities",34.880237,1.654070,100,16.540000,15.520000,17.760000,"cosmaSgemm_kernel(float const *, int, float const *, int, float*, int)"
"GPU activities",9.725797,0.461211,100,4.612000,4.160000,5.440000,"void scal_kernel_val<float, float>(cublasScalParamsVal<float, float>)"
"GPU activities",6.413221,0.304124,200,1.520000,1.472000,1.920000,"[CUDA memcpy HtoD]"
No API activities were profiled.
