==154878== NVPROF is profiling process 154878, command: ./cuCOSMA
==154878== Profiling application: ./cuCOSMA
==154878== Profiling result:
"Type","Time(%)","Time","Calls","Avg","Min","Max","Name"
,%,ms,,us,us,us,
"GPU activities",60.026344,5.263518,100,52.635000,50.431000,55.488000,"cosmaSgemm_kernel(float const *, int, float const *, int, float*, int)"
"GPU activities",27.402106,2.402803,100,24.028000,23.328000,24.992000,"void scal_kernel_val<double, double>(cublasScalParamsVal<double, double>)"
"GPU activities",9.105806,0.798459,100,7.984000,5.728000,8.608000,"void scal_kernel_val<float, float>(cublasScalParamsVal<float, float>)"
"GPU activities",3.465744,0.303900,200,1.519000,1.472000,1.888000,"[CUDA memcpy HtoD]"
No API activities were profiled.
