==144013== NVPROF is profiling process 144013, command: ./cuCOSMA
==144013== Profiling application: ./cuCOSMA
==144013== Profiling result:
"Type","Time(%)","Time","Calls","Avg","Min","Max","Name"
,%,ms,,us,us,us,
"GPU activities",64.705451,2.276561,100,22.765000,21.984000,23.807000,"void scal_kernel_val<double, double>(cublasScalParamsVal<double, double>)"
"GPU activities",15.769062,0.554810,100,5.548000,5.248000,6.240000,"cosmaSgemm_kernel(float const *, int, float const *, int, float*, int)"
"GPU activities",11.002417,0.387103,100,3.871000,3.648000,4.320000,"void scal_kernel_val<float, float>(cublasScalParamsVal<float, float>)"
"GPU activities",8.523070,0.299871,200,1.499000,1.471000,1.856000,"[CUDA memcpy HtoD]"
No API activities were profiled.
