==145806== NVPROF is profiling process 145806, command: ./cuCOSMA
==145806== Profiling application: ./cuCOSMA
==145806== Profiling result:
"Type","Time(%)","Time","Calls","Avg","Min","Max","Name"
,%,ms,,us,us,us,
"GPU activities",66.443988,2.272498,100,22.724000,22.112000,24.096000,"void scal_kernel_val<double, double>(cublasScalParamsVal<double, double>)"
"GPU activities",13.031337,0.445694,100,4.456000,4.224000,4.928000,"cosmaSgemm_kernel(float const *, int, float const *, int, float*, int)"
"GPU activities",11.635295,0.397947,100,3.979000,3.744000,4.512000,"void scal_kernel_val<float, float>(cublasScalParamsVal<float, float>)"
"GPU activities",8.889380,0.304032,200,1.520000,1.472000,1.984000,"[CUDA memcpy HtoD]"
No API activities were profiled.
