==145960== NVPROF is profiling process 145960, command: ./cuCOSMA
==145960== Profiling application: ./cuCOSMA
==145960== Profiling result:
"Type","Time(%)","Time","Calls","Avg","Min","Max","Name"
,%,ms,,us,us,us,
"GPU activities",66.434160,2.281553,100,22.815000,21.952000,29.503000,"void scal_kernel_val<double, double>(cublasScalParamsVal<double, double>)"
"GPU activities",13.128558,0.450875,100,4.508000,4.256000,5.056000,"cosmaSgemm_kernel(float const *, int, float const *, int, float*, int)"
"GPU activities",11.564109,0.397147,100,3.971000,3.808000,4.384000,"void scal_kernel_val<float, float>(cublasScalParamsVal<float, float>)"
"GPU activities",8.873173,0.304732,200,1.523000,1.472000,1.856000,"[CUDA memcpy HtoD]"
No API activities were profiled.
