==144828== NVPROF is profiling process 144828, command: ./cuCOSMA
==144828== Profiling application: ./cuCOSMA
==144828== Profiling result:
"Type","Time(%)","Time","Calls","Avg","Min","Max","Name"
,%,ms,,us,us,us,
"GPU activities",64.601408,2.272945,100,22.729000,22.048000,23.680000,"void scal_kernel_val<double, double>(cublasScalParamsVal<double, double>)"
"GPU activities",15.772533,0.554943,100,5.549000,5.248000,6.112000,"cosmaSgemm_kernel(float const *, int, float const *, int, float*, int)"
"GPU activities",11.050434,0.388800,100,3.888000,3.680000,4.288000,"void scal_kernel_val<float, float>(cublasScalParamsVal<float, float>)"
"GPU activities",8.575625,0.301726,200,1.508000,1.471000,2.016000,"[CUDA memcpy HtoD]"
No API activities were profiled.
