==155373== NVPROF is profiling process 155373, command: ./cuCOSMA
==155373== Profiling application: ./cuCOSMA
==155373== Profiling result:
"Type","Time(%)","Time","Calls","Avg","Min","Max","Name"
,%,ms,,us,us,us,
"GPU activities",59.069253,5.065723,100,50.657000,47.680000,52.319000,"cosmaSgemm_kernel(float const *, int, float const *, int, float*, int)"
"GPU activities",27.990422,2.400432,100,24.004000,23.103000,24.960000,"void scal_kernel_val<double, double>(cublasScalParamsVal<double, double>)"
"GPU activities",9.403019,0.806394,100,8.063000,6.144000,9.216000,"void scal_kernel_val<float, float>(cublasScalParamsVal<float, float>)"
"GPU activities",3.537306,0.303356,200,1.516000,1.472000,1.888000,"[CUDA memcpy HtoD]"
No API activities were profiled.
