==174314== NVPROF is profiling process 174314, command: ./cuCOSMA
==174314== Profiling application: ./cuCOSMA
==174314== Profiling result:
"Type","Time(%)","Time","Calls","Avg","Min","Max","Name"
,%,s,,ms,ms,ms,
"GPU activities",99.997936,90.479760,100,904.797601,903.701086,905.931629,"cosmaSgemm_kernel(float const *, int, float const *, int, float*, int)"
"GPU activities",0.001851,0.001675,100,0.016745,0.016192,0.017728,"void scal_kernel_val<double, double>(cublasScalParamsVal<double, double>)"
"GPU activities",0.000213,0.000193,100,0.001927,0.001888,0.002368,"[CUDA memcpy HtoD]"
No API activities were profiled.
