==146403== NVPROF is profiling process 146403, command: ./cuCOSMA
==146403== Profiling application: ./cuCOSMA
==146403== Profiling result:
"Type","Time(%)","Time","Calls","Avg","Min","Max","Name"
,%,ms,,us,us,us,
"GPU activities",63.661883,2.279853,100,22.798000,21.920000,24.031000,"void scal_kernel_val<double, double>(cublasScalParamsVal<double, double>)"
"GPU activities",16.589737,0.594110,100,5.941000,5.536000,6.495000,"cosmaSgemm_kernel(float const *, int, float const *, int, float*, int)"
"GPU activities",11.214094,0.401598,100,4.015000,3.776000,4.736000,"void scal_kernel_val<float, float>(cublasScalParamsVal<float, float>)"
"GPU activities",8.534286,0.305629,200,1.528000,1.472000,2.208000,"[CUDA memcpy HtoD]"
No API activities were profiled.
