==144161== NVPROF is profiling process 144161, command: ./cuCOSMA
==144161== Profiling application: ./cuCOSMA
==144161== Profiling result:
"Type","Time(%)","Time","Calls","Avg","Min","Max","Name"
,%,ms,,us,us,us,
"GPU activities",67.448256,2.282538,100,22.825000,22.144000,23.872000,"void scal_kernel_val<double, double>(cublasScalParamsVal<double, double>)"
"GPU activities",12.151742,0.411231,100,4.112000,3.840000,4.768000,"cosmaSgemm_kernel(float const *, int, float const *, int, float*, int)"
"GPU activities",11.444412,0.387294,100,3.872000,3.648000,4.288000,"void scal_kernel_val<float, float>(cublasScalParamsVal<float, float>)"
"GPU activities",8.955590,0.303069,200,1.515000,1.472000,1.856000,"[CUDA memcpy HtoD]"
No API activities were profiled.
