==169532== NVPROF is profiling process 169532, command: ./cuCOSMA
==169532== Profiling application: ./cuCOSMA
==169532== Profiling result:
"Type","Time(%)","Time","Calls","Avg","Min","Max","Name"
,%,s,,ms,ms,ms,
"GPU activities",99.985237,12.585928,100,125.859283,125.556087,126.265809,"cosmaSgemm_kernel(float const *, int, float const *, int, float*, int)"
"GPU activities",0.013235,0.001666,100,0.016660,0.015872,0.017568,"void scal_kernel_val<double, double>(cublasScalParamsVal<double, double>)"
"GPU activities",0.001528,0.000192,100,0.001923,0.001888,0.002432,"[CUDA memcpy HtoD]"
No API activities were profiled.
