==163018== NVPROF is profiling process 163018, command: ./cuCOSMA
==163018== Profiling application: ./cuCOSMA
==163018== Profiling result:
"Type","Time(%)","Time","Calls","Avg","Min","Max","Name"
,%,s,,ms,ms,ms,
"GPU activities",99.858852,1.357918,100,13.579182,13.516170,13.774792,"cosmaSgemm_kernel(float const *, int, float const *, int, float*, int)"
"GPU activities",0.127019,0.001727,100,0.017272,0.016448,0.018528,"void scal_kernel_val<double, double>(cublasScalParamsVal<double, double>)"
"GPU activities",0.014129,0.000192,100,0.001921,0.001888,0.002240,"[CUDA memcpy HtoD]"
No API activities were profiled.
