==154324== NVPROF is profiling process 154324, command: ./cuCOSMA
==154324== Profiling application: ./cuCOSMA
==154324== Profiling result:
"Type","Time(%)","Time","Calls","Avg","Min","Max","Name"
,%,ms,,us,us,us,
"GPU activities",60.986428,5.453088,100,54.530000,50.880000,56.511000,"cosmaSgemm_kernel(float const *, int, float const *, int, float*, int)"
"GPU activities",26.677771,2.385387,100,23.853000,23.231000,24.736000,"void scal_kernel_val<double, double>(cublasScalParamsVal<double, double>)"
"GPU activities",8.935570,0.798972,100,7.989000,5.536000,8.800000,"void scal_kernel_val<float, float>(cublasScalParamsVal<float, float>)"
"GPU activities",3.400232,0.304031,200,1.520000,1.472000,2.144000,"[CUDA memcpy HtoD]"
No API activities were profiled.
