==148476== NVPROF is profiling process 148476, command: ./cuCOSMA
==148476== Profiling application: ./cuCOSMA
==148476== Profiling result:
"Type","Time(%)","Time","Calls","Avg","Min","Max","Name"
,%,ms,,us,us,us,
"GPU activities",63.684372,2.281997,100,22.819000,22.144000,24.607000,"void scal_kernel_val<double, double>(cublasScalParamsVal<double, double>)"
"GPU activities",16.585252,0.594298,100,5.942000,5.504000,11.104000,"cosmaSgemm_kernel(float const *, int, float const *, int, float*, int)"
"GPU activities",11.267265,0.403739,100,4.037000,3.840000,4.480000,"void scal_kernel_val<float, float>(cublasScalParamsVal<float, float>)"
"GPU activities",8.463112,0.303258,200,1.516000,1.471000,1.952000,"[CUDA memcpy HtoD]"
No API activities were profiled.
