==146258== NVPROF is profiling process 146258, command: ./cuCOSMA
==146258== Profiling application: ./cuCOSMA
==146258== Profiling result:
"Type","Time(%)","Time","Calls","Avg","Min","Max","Name"
,%,ms,,us,us,us,
"GPU activities",63.001887,2.274479,100,22.744000,22.112000,24.160000,"void scal_kernel_val<double, double>(cublasScalParamsVal<double, double>)"
"GPU activities",17.146893,0.619033,100,6.190000,5.728000,12.000000,"cosmaSgemm_kernel(float const *, int, float const *, int, float*, int)"
"GPU activities",11.411189,0.411964,100,4.119000,3.776000,16.832000,"void scal_kernel_val<float, float>(cublasScalParamsVal<float, float>)"
"GPU activities",8.440032,0.304700,200,1.523000,1.472000,2.176000,"[CUDA memcpy HtoD]"
No API activities were profiled.
