==182416== NVPROF is profiling process 182416, command: ./cuCOSMA
==182416== Profiling application: ./cuCOSMA
==182416== Profiling result:
"Type","Time(%)","Time","Calls","Avg","Min","Max","Name"
,%,s,,ms,ms,ms,
"GPU activities",99.997797,82.075782,100,820.757823,805.538443,829.377365,"cosmaSgemm_kernel(float const *, int, float const *, int, float*, int)"
"GPU activities",0.001969,0.001616,100,0.016157,0.015456,0.017504,"void scal_kernel_val<double, double>(cublasScalParamsVal<double, double>)"
"GPU activities",0.000235,0.000193,100,0.001927,0.001856,0.002208,"[CUDA memcpy HtoD]"
No API activities were profiled.
