==143432== NVPROF is profiling process 143432, command: ./cuCOSMA
==143432== Profiling application: ./cuCOSMA
==143432== Profiling result:
"Type","Time(%)","Time","Calls","Avg","Min","Max","Name"
,%,ms,,us,us,us,
"GPU activities",67.415182,2.275919,100,22.759000,22.080000,24.095000,"void scal_kernel_val<double, double>(cublasScalParamsVal<double, double>)"
"GPU activities",12.170651,0.410878,100,4.108000,3.840000,4.864000,"cosmaSgemm_kernel(float const *, int, float const *, int, float*, int)"
"GPU activities",11.459626,0.386874,100,3.868000,3.680000,4.416000,"void scal_kernel_val<float, float>(cublasScalParamsVal<float, float>)"
"GPU activities",8.954542,0.302303,200,1.511000,1.472000,1.856000,"[CUDA memcpy HtoD]"
No API activities were profiled.
