==148627== NVPROF is profiling process 148627, command: ./cuCOSMA
==148627== Profiling application: ./cuCOSMA
==148627== Profiling result:
"Type","Time(%)","Time","Calls","Avg","Min","Max","Name"
,%,ms,,us,us,us,
"GPU activities",62.630359,2.285363,100,22.853000,22.304000,23.648000,"void scal_kernel_val<double, double>(cublasScalParamsVal<double, double>)"
"GPU activities",18.082829,0.659837,100,6.598000,6.080000,19.040000,"cosmaSgemm_kernel(float const *, int, float const *, int, float*, int)"
"GPU activities",11.023248,0.402235,100,4.022000,3.871000,4.576000,"void scal_kernel_val<float, float>(cublasScalParamsVal<float, float>)"
"GPU activities",8.263565,0.301535,200,1.507000,1.472000,1.856000,"[CUDA memcpy HtoD]"
No API activities were profiled.
