==166573== NVPROF is profiling process 166573, command: ./cuCOSMA
==166573== Profiling application: ./cuCOSMA
==166573== Profiling result:
"Type","Time(%)","Time","Calls","Avg","Min","Max","Name"
,%,s,,ms,ms,ms,
"GPU activities",99.981355,10.825163,100,108.251628,108.137775,108.379180,"cosmaSgemm_kernel(float const *, int, float const *, int, float*, int)"
"GPU activities",0.016857,0.001825,100,0.018251,0.017664,0.019232,"void scal_kernel_val<double, double>(cublasScalParamsVal<double, double>)"
"GPU activities",0.001788,0.000194,100,0.001935,0.001888,0.002208,"[CUDA memcpy HtoD]"
No API activities were profiled.
