==153471== NVPROF is profiling process 153471, command: ./cuCOSMA
==153471== Profiling application: ./cuCOSMA
==153471== Profiling result:
"Type","Time(%)","Time","Calls","Avg","Min","Max","Name"
,%,ms,,us,us,us,
"GPU activities",60.321350,5.320375,100,53.203000,51.967000,55.392000,"cosmaSgemm_kernel(float const *, int, float const *, int, float*, int)"
"GPU activities",27.191957,2.398345,100,23.983000,23.168000,24.736000,"void scal_kernel_val<double, double>(cublasScalParamsVal<double, double>)"
"GPU activities",9.034231,0.796824,100,7.968000,5.984000,8.896000,"void scal_kernel_val<float, float>(cublasScalParamsVal<float, float>)"
"GPU activities",3.452462,0.304509,200,1.522000,1.472000,1.856000,"[CUDA memcpy HtoD]"
No API activities were profiled.
