==167640== NVPROF is profiling process 167640, command: ./cuCOSMA
==167640== Profiling application: ./cuCOSMA
==167640== Profiling result:
"Type","Time(%)","Time","Calls","Avg","Min","Max","Name"
,%,s,,ms,ms,ms,
"GPU activities",99.983200,11.471544,100,114.715439,114.507719,115.154786,"cosmaSgemm_kernel(float const *, int, float const *, int, float*, int)"
"GPU activities",0.015105,0.001733,100,0.017330,0.016416,0.018624,"void scal_kernel_val<double, double>(cublasScalParamsVal<double, double>)"
"GPU activities",0.001696,0.000195,100,0.001945,0.001888,0.002240,"[CUDA memcpy HtoD]"
No API activities were profiled.
