==170201== NVPROF is profiling process 170201, command: ./cuCOSMA
==170201== Profiling application: ./cuCOSMA
==170201== Profiling result:
"Type","Time(%)","Time","Calls","Avg","Min","Max","Name"
,%,s,,ms,ms,ms,
"GPU activities",99.819963,39.368930,100,393.689302,393.357743,394.383175,"cosmaSgemm_kernel(float const *, int, float const *, int, float*, int)"
"GPU activities",0.174597,0.068861,100,0.688608,0.682619,0.689275,"void scal_kernel_val<float, float>(cublasScalParamsVal<float, float>)"
"GPU activities",0.004457,0.001758,100,0.017579,0.016896,0.021472,"void scal_kernel_val<double, double>(cublasScalParamsVal<double, double>)"
"GPU activities",0.000983,0.000388,200,0.001939,0.001888,0.002368,"[CUDA memcpy HtoD]"
No API activities were profiled.
