==161545== NVPROF is profiling process 161545, command: ./cuCOSMA
==161545== Profiling application: ./cuCOSMA
==161545== Profiling result:
"Type","Time(%)","Time","Calls","Avg","Min","Max","Name"
,%,s,,ms,ms,ms,
"GPU activities",99.848059,1.370793,100,13.707934,13.698982,13.716646,"cosmaSgemm_kernel(float const *, int, float const *, int, float*, int)"
"GPU activities",0.137664,0.001890,100,0.018899,0.018240,0.019744,"void scal_kernel_val<double, double>(cublasScalParamsVal<double, double>)"
"GPU activities",0.014276,0.000196,100,0.001959,0.001888,0.002272,"[CUDA memcpy HtoD]"
No API activities were profiled.
