==166923== NVPROF is profiling process 166923, command: ./cuCOSMA
==166923== Profiling application: ./cuCOSMA
==166923== Profiling result:
"Type","Time(%)","Time","Calls","Avg","Min","Max","Name"
,%,s,,ms,ms,ms,
"GPU activities",99.984383,12.968054,100,129.680540,129.562717,130.141080,"cosmaSgemm_kernel(float const *, int, float const *, int, float*, int)"
"GPU activities",0.014112,0.001830,100,0.018303,0.017664,0.024384,"void scal_kernel_val<double, double>(cublasScalParamsVal<double, double>)"
"GPU activities",0.001505,0.000195,100,0.001951,0.001888,0.002240,"[CUDA memcpy HtoD]"
No API activities were profiled.
