==150760== NVPROF is profiling process 150760, command: ./cuCOSMA
==150760== Profiling application: ./cuCOSMA
==150760== Profiling result:
"Type","Time(%)","Time","Calls","Avg","Min","Max","Name"
,%,ms,,us,us,us,
"GPU activities",47.434411,2.319093,100,23.190000,22.591000,24.736000,"void scal_kernel_val<double, double>(cublasScalParamsVal<double, double>)"
"GPU activities",36.969723,1.807469,100,18.074000,16.575000,19.456000,"cosmaSgemm_kernel(float const *, int, float const *, int, float*, int)"
"GPU activities",9.397589,0.459453,100,4.594000,4.224000,5.184000,"void scal_kernel_val<float, float>(cublasScalParamsVal<float, float>)"
"GPU activities",6.198277,0.303037,200,1.515000,1.471000,1.856000,"[CUDA memcpy HtoD]"
No API activities were profiled.
