==157111== NVPROF is profiling process 157111, command: ./cuCOSMA
==157111== Profiling application: ./cuCOSMA
==157111== Profiling result:
"Type","Time(%)","Time","Calls","Avg","Min","Max","Name"
,%,ms,,us,us,us,
"GPU activities",85.469837,24.394429,100,243.944000,239.326000,249.726000,"cosmaSgemm_kernel(float const *, int, float const *, int, float*, int)"
"GPU activities",6.786758,1.937047,100,19.370000,18.784000,20.384000,"void scal_kernel_val<double, double>(cublasScalParamsVal<double, double>)"
"GPU activities",6.680324,1.906669,100,19.066000,10.848000,19.904000,"void scal_kernel_val<float, float>(cublasScalParamsVal<float, float>)"
"GPU activities",1.063081,0.303420,200,1.517000,1.472000,1.952000,"[CUDA memcpy HtoD]"
No API activities were profiled.
