==148774== NVPROF is profiling process 148774, command: ./cuCOSMA
==148774== Profiling application: ./cuCOSMA
==148774== Profiling result:
"Type","Time(%)","Time","Calls","Avg","Min","Max","Name"
,%,ms,,us,us,us,
"GPU activities",58.775689,2.338034,100,23.380000,22.592000,24.960000,"void scal_kernel_val<double, double>(cublasScalParamsVal<double, double>)"
"GPU activities",19.931607,0.792858,100,7.928000,7.584000,8.352000,"cosmaSgemm_kernel(float const *, int, float const *, int, float*, int)"
"GPU activities",11.699762,0.465404,100,4.654000,3.968000,5.120000,"void scal_kernel_val<float, float>(cublasScalParamsVal<float, float>)"
"GPU activities",9.592943,0.381597,200,1.907000,1.472000,2.624000,"[CUDA memcpy HtoD]"
No API activities were profiled.
