==157243== NVPROF is profiling process 157243, command: ./cuCOSMA
==157243== Profiling application: ./cuCOSMA
==157243== Profiling result:
"Type","Time(%)","Time","Calls","Avg","Min","Max","Name"
,%,ms,,us,us,us,
"GPU activities",93.035238,26.360594,100,263.605000,260.158000,266.942000,"cosmaSgemm_kernel(float const *, int, float const *, int, float*, int)"
"GPU activities",6.428647,1.821492,100,18.214000,17.535000,19.360000,"void scal_kernel_val<double, double>(cublasScalParamsVal<double, double>)"
"GPU activities",0.536116,0.151903,100,1.519000,1.472000,1.856000,"[CUDA memcpy HtoD]"
No API activities were profiled.
