==148188== NVPROF is profiling process 148188, command: ./cuCOSMA
==148188== Profiling application: ./cuCOSMA
==148188== Profiling result:
"Type","Time(%)","Time","Calls","Avg","Min","Max","Name"
,%,ms,,us,us,us,
"GPU activities",62.489246,2.283627,100,22.836000,22.016000,23.936000,"void scal_kernel_val<double, double>(cublasScalParamsVal<double, double>)"
"GPU activities",18.198533,0.665053,100,6.650000,6.304000,7.264000,"cosmaSgemm_kernel(float const *, int, float const *, int, float*, int)"
"GPU activities",11.040950,0.403484,100,4.034000,3.872000,4.576000,"void scal_kernel_val<float, float>(cublasScalParamsVal<float, float>)"
"GPU activities",8.271272,0.302268,200,1.511000,1.471000,1.824000,"[CUDA memcpy HtoD]"
No API activities were profiled.
