==152746== NVPROF is profiling process 152746, command: ./cuCOSMA
==152746== Profiling application: ./cuCOSMA
==152746== Profiling result:
"Type","Time(%)","Time","Calls","Avg","Min","Max","Name"
,%,ms,,us,us,us,
"GPU activities",49.703048,2.327214,100,23.272000,22.463000,24.384000,"void scal_kernel_val<double, double>(cublasScalParamsVal<double, double>)"
"GPU activities",33.973234,1.590707,100,15.907000,14.944000,17.600000,"cosmaSgemm_kernel(float const *, int, float const *, int, float*, int)"
"GPU activities",9.837287,0.460605,100,4.606000,4.384000,5.728000,"void scal_kernel_val<float, float>(cublasScalParamsVal<float, float>)"
"GPU activities",6.486431,0.303710,200,1.518000,1.472000,1.888000,"[CUDA memcpy HtoD]"
No API activities were profiled.
