==151063== NVPROF is profiling process 151063, command: ./cuCOSMA
==151063== Profiling application: ./cuCOSMA
==151063== Profiling result:
"Type","Time(%)","Time","Calls","Avg","Min","Max","Name"
,%,ms,,us,us,us,
"GPU activities",46.457329,2.325108,100,23.251000,22.688000,24.896000,"void scal_kernel_val<double, double>(cublasScalParamsVal<double, double>)"
"GPU activities",38.247451,1.914218,100,19.142000,17.632000,20.704000,"cosmaSgemm_kernel(float const *, int, float const *, int, float*, int)"
"GPU activities",9.217945,0.461342,100,4.613000,4.256000,5.312000,"void scal_kernel_val<float, float>(cublasScalParamsVal<float, float>)"
"GPU activities",6.077275,0.304157,200,1.520000,1.472000,1.887000,"[CUDA memcpy HtoD]"
No API activities were profiled.
