==144525== NVPROF is profiling process 144525, command: ./cuCOSMA
==144525== Profiling application: ./cuCOSMA
==144525== Profiling result:
"Type","Time(%)","Time","Calls","Avg","Min","Max","Name"
,%,ms,,us,us,us,
"GPU activities",66.748911,2.277071,100,22.770000,22.048000,24.287000,"void scal_kernel_val<double, double>(cublasScalParamsVal<double, double>)"
"GPU activities",13.143585,0.448380,100,4.483000,4.192000,4.992000,"cosmaSgemm_kernel(float const *, int, float const *, int, float*, int)"
"GPU activities",11.275084,0.384638,100,3.846000,3.648000,4.256000,"void scal_kernel_val<float, float>(cublasScalParamsVal<float, float>)"
"GPU activities",8.832420,0.301309,200,1.506000,1.471000,1.856000,"[CUDA memcpy HtoD]"
No API activities were profiled.
