==162605== NVPROF is profiling process 162605, command: ./cuCOSMA
==162605== Profiling application: ./cuCOSMA
==162605== Profiling result:
"Type","Time(%)","Time","Calls","Avg","Min","Max","Name"
,%,s,,ms,ms,ms,
"GPU activities",99.857360,1.357893,100,13.578925,13.497962,13.743367,"cosmaSgemm_kernel(float const *, int, float const *, int, float*, int)"
"GPU activities",0.127930,0.001740,100,0.017396,0.016480,0.023040,"void scal_kernel_val<double, double>(cublasScalParamsVal<double, double>)"
"GPU activities",0.014710,0.000200,100,0.002000,0.001888,0.002592,"[CUDA memcpy HtoD]"
No API activities were profiled.
