==162805== NVPROF is profiling process 162805, command: ./cuCOSMA
==162805== Profiling application: ./cuCOSMA
==162805== Profiling result:
"Type","Time(%)","Time","Calls","Avg","Min","Max","Name"
,%,s,,ms,ms,ms,
"GPU activities",99.867143,1.465771,100,14.657711,14.512929,14.926461,"cosmaSgemm_kernel(float const *, int, float const *, int, float*, int)"
"GPU activities",0.119750,0.001758,100,0.017575,0.016896,0.018880,"void scal_kernel_val<double, double>(cublasScalParamsVal<double, double>)"
"GPU activities",0.013108,0.000192,100,0.001923,0.001888,0.002208,"[CUDA memcpy HtoD]"
No API activities were profiled.
