==148925== NVPROF is profiling process 148925, command: ./cuCOSMA
==148925== Profiling application: ./cuCOSMA
==148925== Profiling result:
"Type","Time(%)","Time","Calls","Avg","Min","Max","Name"
,%,ms,,us,us,us,
"GPU activities",63.420055,2.279306,100,22.793000,22.047000,24.607000,"void scal_kernel_val<double, double>(cublasScalParamsVal<double, double>)"
"GPU activities",16.971366,0.609948,100,6.099000,5.632000,6.719000,"cosmaSgemm_kernel(float const *, int, float const *, int, float*, int)"
"GPU activities",11.215078,0.403068,100,4.030000,3.840000,4.576000,"void scal_kernel_val<float, float>(cublasScalParamsVal<float, float>)"
"GPU activities",8.393501,0.301661,200,1.508000,1.472000,1.856000,"[CUDA memcpy HtoD]"
No API activities were profiled.
