==144348== NVPROF is profiling process 144348, command: ./cuCOSMA
==144348== Profiling application: ./cuCOSMA
==144348== Profiling result:
"Type","Time(%)","Time","Calls","Avg","Min","Max","Name"
,%,ms,,us,us,us,
"GPU activities",67.523936,2.283567,100,22.835000,22.016000,23.872000,"void scal_kernel_val<double, double>(cublasScalParamsVal<double, double>)"
"GPU activities",12.146500,0.410778,100,4.107000,3.840000,4.576000,"cosmaSgemm_kernel(float const *, int, float const *, int, float*, int)"
"GPU activities",11.422787,0.386303,100,3.863000,3.680000,4.352000,"void scal_kernel_val<float, float>(cublasScalParamsVal<float, float>)"
"GPU activities",8.906777,0.301215,200,1.506000,1.471000,1.856000,"[CUDA memcpy HtoD]"
No API activities were profiled.
