==147736== NVPROF is profiling process 147736, command: ./cuCOSMA
==147736== Profiling application: ./cuCOSMA
==147736== Profiling result:
"Type","Time(%)","Time","Calls","Avg","Min","Max","Name"
,%,ms,,us,us,us,
"GPU activities",62.607172,2.279884,100,22.798000,22.048000,24.351000,"void scal_kernel_val<double, double>(cublasScalParamsVal<double, double>)"
"GPU activities",18.079922,0.658393,100,6.583000,6.208000,7.168000,"cosmaSgemm_kernel(float const *, int, float const *, int, float*, int)"
"GPU activities",11.021977,0.401373,100,4.013000,3.808000,4.736000,"void scal_kernel_val<float, float>(cublasScalParamsVal<float, float>)"
"GPU activities",8.290929,0.301920,200,1.509000,1.472000,1.856000,"[CUDA memcpy HtoD]"
No API activities were profiled.
