==149077== NVPROF is profiling process 149077, command: ./cuCOSMA
==149077== Profiling application: ./cuCOSMA
==149077== Profiling result:
"Type","Time(%)","Time","Calls","Avg","Min","Max","Name"
,%,ms,,us,us,us,
"GPU activities",63.504178,2.283856,100,22.838000,22.143000,23.744000,"void scal_kernel_val<double, double>(cublasScalParamsVal<double, double>)"
"GPU activities",16.910889,0.608181,100,6.081000,5.600000,6.720000,"cosmaSgemm_kernel(float const *, int, float const *, int, float*, int)"
"GPU activities",11.157837,0.401279,100,4.012000,3.840000,4.736000,"void scal_kernel_val<float, float>(cublasScalParamsVal<float, float>)"
"GPU activities",8.427096,0.303071,200,1.515000,1.472000,1.856000,"[CUDA memcpy HtoD]"
No API activities were profiled.
