==161755== NVPROF is profiling process 161755, command: ./cuCOSMA
==161755== Profiling application: ./cuCOSMA
==161755== Profiling result:
"Type","Time(%)","Time","Calls","Avg","Min","Max","Name"
,%,s,,ms,ms,ms,
"GPU activities",99.848281,1.371482,100,13.714819,13.702278,13.726151,"cosmaSgemm_kernel(float const *, int, float const *, int, float*, int)"
"GPU activities",0.137659,0.001891,100,0.018908,0.018336,0.019840,"void scal_kernel_val<double, double>(cublasScalParamsVal<double, double>)"
"GPU activities",0.014060,0.000193,100,0.001931,0.001888,0.002240,"[CUDA memcpy HtoD]"
No API activities were profiled.
