==143864== NVPROF is profiling process 143864, command: ./cuCOSMA
==143864== Profiling application: ./cuCOSMA
==143864== Profiling result:
"Type","Time(%)","Time","Calls","Avg","Min","Max","Name"
,%,ms,,us,us,us,
"GPU activities",64.809762,2.274380,100,22.743000,22.015000,24.064000,"void scal_kernel_val<double, double>(cublasScalParamsVal<double, double>)"
"GPU activities",15.560720,0.546075,100,5.460000,5.088000,6.176000,"cosmaSgemm_kernel(float const *, int, float const *, int, float*, int)"
"GPU activities",11.033486,0.387200,100,3.872000,3.680000,4.320000,"void scal_kernel_val<float, float>(cublasScalParamsVal<float, float>)"
"GPU activities",8.596032,0.301662,200,1.508000,1.471000,1.856000,"[CUDA memcpy HtoD]"
No API activities were profiled.
