==168300== NVPROF is profiling process 168300, command: ./cuCOSMA
==168300== Profiling application: ./cuCOSMA
==168300== Profiling result:
"Type","Time(%)","Time","Calls","Avg","Min","Max","Name"
,%,s,,ms,ms,ms,
"GPU activities",99.983703,11.223327,100,112.233271,111.810692,112.527262,"cosmaSgemm_kernel(float const *, int, float const *, int, float*, int)"
"GPU activities",0.014570,0.001636,100,0.016355,0.015520,0.017375,"void scal_kernel_val<double, double>(cublasScalParamsVal<double, double>)"
"GPU activities",0.001727,0.000194,100,0.001938,0.001888,0.002240,"[CUDA memcpy HtoD]"
No API activities were profiled.
