==149520== NVPROF is profiling process 149520, command: ./cuCOSMA
==149520== Profiling application: ./cuCOSMA
==149520== Profiling result:
"Type","Time(%)","Time","Calls","Avg","Min","Max","Name"
,%,ms,,us,us,us,
"GPU activities",61.969240,2.281581,100,22.815000,22.112000,24.031000,"void scal_kernel_val<double, double>(cublasScalParamsVal<double, double>)"
"GPU activities",18.893252,0.695611,100,6.956000,6.624000,7.616000,"cosmaSgemm_kernel(float const *, int, float const *, int, float*, int)"
"GPU activities",10.985861,0.404477,100,4.044000,3.840000,4.608000,"void scal_kernel_val<float, float>(cublasScalParamsVal<float, float>)"
"GPU activities",8.151647,0.300127,200,1.500000,1.472000,1.856000,"[CUDA memcpy HtoD]"
No API activities were profiled.
