==150613== NVPROF is profiling process 150613, command: ./cuCOSMA
==150613== Profiling application: ./cuCOSMA
==150613== Profiling result:
"Type","Time(%)","Time","Calls","Avg","Min","Max","Name"
,%,ms,,us,us,us,
"GPU activities",47.132832,2.321933,100,23.219000,22.464000,24.352000,"void scal_kernel_val<double, double>(cublasScalParamsVal<double, double>)"
"GPU activities",37.217276,1.833457,100,18.334000,17.504000,19.744000,"cosmaSgemm_kernel(float const *, int, float const *, int, float*, int)"
"GPU activities",9.477078,0.466875,100,4.668000,4.288000,5.280000,"void scal_kernel_val<float, float>(cublasScalParamsVal<float, float>)"
"GPU activities",6.172813,0.304095,200,1.520000,1.472000,1.920000,"[CUDA memcpy HtoD]"
No API activities were profiled.
