==149369== NVPROF is profiling process 149369, command: ./cuCOSMA
==149369== Profiling application: ./cuCOSMA
==149369== Profiling result:
"Type","Time(%)","Time","Calls","Avg","Min","Max","Name"
,%,ms,,us,us,us,
"GPU activities",60.520251,2.279534,100,22.795000,22.144000,24.128000,"void scal_kernel_val<double, double>(cublasScalParamsVal<double, double>)"
"GPU activities",20.816293,0.784059,100,7.840000,7.424000,8.512000,"cosmaSgemm_kernel(float const *, int, float const *, int, float*, int)"
"GPU activities",10.669751,0.401883,100,4.018000,3.839000,4.544000,"void scal_kernel_val<float, float>(cublasScalParamsVal<float, float>)"
"GPU activities",7.993705,0.301088,200,1.505000,1.472000,1.856000,"[CUDA memcpy HtoD]"
No API activities were profiled.
