==153616== NVPROF is profiling process 153616, command: ./cuCOSMA
==153616== Profiling application: ./cuCOSMA
==153616== Profiling result:
"Type","Time(%)","Time","Calls","Avg","Min","Max","Name"
,%,ms,,us,us,us,
"GPU activities",61.948795,5.722248,100,57.222000,56.160000,60.192000,"cosmaSgemm_kernel(float const *, int, float const *, int, float*, int)"
"GPU activities",25.976488,2.399464,100,23.994000,23.360000,24.928000,"void scal_kernel_val<double, double>(cublasScalParamsVal<double, double>)"
"GPU activities",8.672466,0.801081,100,8.010000,5.728000,8.832000,"void scal_kernel_val<float, float>(cublasScalParamsVal<float, float>)"
"GPU activities",3.402251,0.314268,200,1.571000,1.472000,2.240000,"[CUDA memcpy HtoD]"
No API activities were profiled.
