==156016== NVPROF is profiling process 156016, command: ./cuCOSMA
==156016== Profiling application: ./cuCOSMA
==156016== Profiling result:
"Type","Time(%)","Time","Calls","Avg","Min","Max","Name"
,%,ms,,us,us,us,
"GPU activities",86.849791,27.415303,100,274.153000,272.158000,277.758000,"cosmaSgemm_kernel(float const *, int, float const *, int, float*, int)"
"GPU activities",6.122223,1.932562,100,19.325000,18.752000,20.448000,"void scal_kernel_val<double, double>(cublasScalParamsVal<double, double>)"
"GPU activities",6.063525,1.914033,100,19.140000,10.784000,19.968000,"void scal_kernel_val<float, float>(cublasScalParamsVal<float, float>)"
"GPU activities",0.964461,0.304445,200,1.522000,1.472000,1.888000,"[CUDA memcpy HtoD]"
No API activities were profiled.
