==167305== NVPROF is profiling process 167305, command: ./cuCOSMA
==167305== Profiling application: ./cuCOSMA
==167305== Profiling result:
"Type","Time(%)","Time","Calls","Avg","Min","Max","Name"
,%,s,,ms,ms,ms,
"GPU activities",99.983162,11.471597,100,114.715968,114.516834,115.354715,"cosmaSgemm_kernel(float const *, int, float const *, int, float*, int)"
"GPU activities",0.015130,0.001736,100,0.017359,0.016480,0.019264,"void scal_kernel_val<double, double>(cublasScalParamsVal<double, double>)"
"GPU activities",0.001708,0.000196,100,0.001959,0.001887,0.002592,"[CUDA memcpy HtoD]"
No API activities were profiled.
