==159455== NVPROF is profiling process 159455, command: ./cuCOSMA
==159455== Profiling application: ./cuCOSMA
==159455== Profiling result:
"Type","Time(%)","Time","Calls","Avg","Min","Max","Name"
,%,ms,,ms,ms,ms,
"GPU activities",98.841120,177.363969,100,1.773639,1.767153,1.782898,"cosmaSgemm_kernel(float const *, int, float const *, int, float*, int)"
"GPU activities",1.074210,1.927600,100,0.019276,0.018720,0.019936,"void scal_kernel_val<double, double>(cublasScalParamsVal<double, double>)"
"GPU activities",0.084670,0.151934,100,0.001519,0.001472,0.001920,"[CUDA memcpy HtoD]"
No API activities were profiled.
