==164076== NVPROF is profiling process 164076, command: ./cuCOSMA
==164076== Profiling application: ./cuCOSMA
==164076== Profiling result:
"Type","Time(%)","Time","Calls","Avg","Min","Max","Name"
,%,s,,ms,ms,ms,
"GPU activities",99.828937,1.210887,100,12.108871,12.074679,12.144183,"cosmaSgemm_kernel(float const *, int, float const *, int, float*, int)"
"GPU activities",0.154991,0.001880,100,0.018799,0.017984,0.019904,"void scal_kernel_val<double, double>(cublasScalParamsVal<double, double>)"
"GPU activities",0.016071,0.000195,100,0.001949,0.001888,0.002464,"[CUDA memcpy HtoD]"
No API activities were profiled.
