==153041== NVPROF is profiling process 153041, command: ./cuCOSMA
==153041== Profiling application: ./cuCOSMA
==153041== Profiling result:
"Type","Time(%)","Time","Calls","Avg","Min","Max","Name"
,%,ms,,us,us,us,
"GPU activities",77.929381,12.065891,100,120.658000,120.287000,121.023000,"cosmaSgemm_kernel(float const *, int, float const *, int, float*, int)"
"GPU activities",14.926053,2.311017,100,23.110000,21.952000,24.223000,"void scal_kernel_val<double, double>(cublasScalParamsVal<double, double>)"
"GPU activities",5.177429,0.801627,100,8.016000,5.376000,8.704000,"void scal_kernel_val<float, float>(cublasScalParamsVal<float, float>)"
"GPU activities",1.967137,0.304574,200,1.522000,1.472000,1.856000,"[CUDA memcpy HtoD]"
No API activities were profiled.
