==170710== NVPROF is profiling process 170710, command: ./cuCOSMA
==170710== Profiling application: ./cuCOSMA
==170710== Profiling result:
"Type","Time(%)","Time","Calls","Avg","Min","Max","Name"
,%,s,,ms,ms,ms,
"GPU activities",99.982752,10.448579,100,104.485785,102.159648,106.459710,"cosmaSgemm_kernel(float const *, int, float const *, int, float*, int)"
"GPU activities",0.015384,0.001608,100,0.016076,0.015328,0.017248,"void scal_kernel_val<double, double>(cublasScalParamsVal<double, double>)"
"GPU activities",0.001865,0.000195,100,0.001948,0.001888,0.002304,"[CUDA memcpy HtoD]"
No API activities were profiled.
