==147140== NVPROF is profiling process 147140, command: ./cuCOSMA
==147140== Profiling application: ./cuCOSMA
==147140== Profiling result:
"Type","Time(%)","Time","Calls","Avg","Min","Max","Name"
,%,ms,,us,us,us,
"GPU activities",65.859513,2.274318,100,22.743000,22.080000,24.448000,"void scal_kernel_val<double, double>(cublasScalParamsVal<double, double>)"
"GPU activities",13.762569,0.475261,100,4.752000,4.512000,5.248000,"cosmaSgemm_kernel(float const *, int, float const *, int, float*, int)"
"GPU activities",11.585947,0.400096,100,4.000000,3.776000,4.384000,"void scal_kernel_val<float, float>(cublasScalParamsVal<float, float>)"
"GPU activities",8.791971,0.303612,200,1.518000,1.472000,1.856000,"[CUDA memcpy HtoD]"
No API activities were profiled.
