==160864== NVPROF is profiling process 160864, command: ./cuCOSMA
==160864== Profiling application: ./cuCOSMA
==160864== Profiling result:
"Type","Time(%)","Time","Calls","Avg","Min","Max","Name"
,%,ms,,ms,ms,ms,
"GPU activities",98.920112,191.331014,100,1.913310,1.836913,2.069391,"cosmaSgemm_kernel(float const *, int, float const *, int, float*, int)"
"GPU activities",1.001089,1.936303,100,0.019363,0.018752,0.020288,"void scal_kernel_val<double, double>(cublasScalParamsVal<double, double>)"
"GPU activities",0.078799,0.152413,100,0.001524,0.001472,0.001920,"[CUDA memcpy HtoD]"
No API activities were profiled.
