==163240== NVPROF is profiling process 163240, command: ./cuCOSMA
==163240== Profiling application: ./cuCOSMA
==163240== Profiling result:
"Type","Time(%)","Time","Calls","Avg","Min","Max","Name"
,%,s,,ms,ms,ms,
"GPU activities",99.832771,1.226200,100,12.262002,12.247638,12.368852,"cosmaSgemm_kernel(float const *, int, float const *, int, float*, int)"
"GPU activities",0.151524,0.001861,100,0.018611,0.017952,0.019424,"void scal_kernel_val<double, double>(cublasScalParamsVal<double, double>)"
"GPU activities",0.015705,0.000193,100,0.001928,0.001888,0.002240,"[CUDA memcpy HtoD]"
No API activities were profiled.
