==161217== NVPROF is profiling process 161217, command: ./cuCOSMA
==161217== Profiling application: ./cuCOSMA
==161217== Profiling result:
"Type","Time(%)","Time","Calls","Avg","Min","Max","Name"
,%,ms,,ms,ms,ms,
"GPU activities",98.651912,155.492361,100,1.554923,1.551732,1.563540,"cosmaSgemm_kernel(float const *, int, float const *, int, float*, int)"
"GPU activities",1.251856,1.973140,100,0.019731,0.018976,0.020704,"void scal_kernel_val<double, double>(cublasScalParamsVal<double, double>)"
"GPU activities",0.096233,0.151679,100,0.001516,0.001472,0.001920,"[CUDA memcpy HtoD]"
No API activities were profiled.
