==151862== NVPROF is profiling process 151862, command: ./cuCOSMA
==151862== Profiling application: ./cuCOSMA
==151862== Profiling result:
"Type","Time(%)","Time","Calls","Avg","Min","Max","Name"
,%,ms,,us,us,us,
"GPU activities",49.606630,2.329004,100,23.290000,22.656000,24.927000,"void scal_kernel_val<double, double>(cublasScalParamsVal<double, double>)"
"GPU activities",33.962506,1.594521,100,15.945000,14.880000,17.312000,"cosmaSgemm_kernel(float const *, int, float const *, int, float*, int)"
"GPU activities",9.951107,0.467199,100,4.671000,4.384000,5.440000,"void scal_kernel_val<float, float>(cublasScalParamsVal<float, float>)"
"GPU activities",6.479756,0.304221,200,1.521000,1.471000,1.856000,"[CUDA memcpy HtoD]"
No API activities were profiled.
