==145132== NVPROF is profiling process 145132, command: ./cuCOSMA
==145132== Profiling application: ./cuCOSMA
==145132== Profiling result:
"Type","Time(%)","Time","Calls","Avg","Min","Max","Name"
,%,ms,,us,us,us,
"GPU activities",66.510287,2.283080,100,22.830000,21.983000,26.624000,"void scal_kernel_val<double, double>(cublasScalParamsVal<double, double>)"
"GPU activities",12.976422,0.445438,100,4.454000,4.224000,4.928000,"cosmaSgemm_kernel(float const *, int, float const *, int, float*, int)"
"GPU activities",11.666626,0.400477,100,4.004000,3.776000,4.384000,"void scal_kernel_val<float, float>(cublasScalParamsVal<float, float>)"
"GPU activities",8.846665,0.303677,200,1.518000,1.472000,1.856000,"[CUDA memcpy HtoD]"
No API activities were profiled.
