==159973== NVPROF is profiling process 159973, command: ./cuCOSMA
==159973== Profiling application: ./cuCOSMA
==159973== Profiling result:
"Type","Time(%)","Time","Calls","Avg","Min","Max","Name"
,%,ms,,ms,ms,ms,
"GPU activities",98.914709,191.219883,100,1.912198,1.831601,2.079374,"cosmaSgemm_kernel(float const *, int, float const *, int, float*, int)"
"GPU activities",1.006583,1.945906,100,0.019459,0.018687,0.026431,"void scal_kernel_val<double, double>(cublasScalParamsVal<double, double>)"
"GPU activities",0.078708,0.152157,100,0.001521,0.001472,0.002272,"[CUDA memcpy HtoD]"
No API activities were profiled.
