==147887== NVPROF is profiling process 147887, command: ./cuCOSMA
==147887== Profiling application: ./cuCOSMA
==147887== Profiling result:
"Type","Time(%)","Time","Calls","Avg","Min","Max","Name"
,%,ms,,us,us,us,
"GPU activities",63.680956,2.278923,100,22.789000,22.080000,24.447000,"void scal_kernel_val<double, double>(cublasScalParamsVal<double, double>)"
"GPU activities",16.611204,0.594458,100,5.944000,5.600000,6.592000,"cosmaSgemm_kernel(float const *, int, float const *, int, float*, int)"
"GPU activities",11.283730,0.403806,100,4.038000,3.872000,4.544000,"void scal_kernel_val<float, float>(cublasScalParamsVal<float, float>)"
"GPU activities",8.424110,0.301470,200,1.507000,1.471000,1.856000,"[CUDA memcpy HtoD]"
No API activities were profiled.
