==178101== NVPROF is profiling process 178101, command: ./cuCOSMA
==178101== Profiling application: ./cuCOSMA
==178101== Profiling result:
"Type","Time(%)","Time","Calls","Avg","Min","Max","Name"
,%,s,,ms,ms,ms,
"GPU activities",99.998054,90.896175,100,908.961752,907.833393,910.112544,"cosmaSgemm_kernel(float const *, int, float const *, int, float*, int)"
"GPU activities",0.001731,0.001574,100,0.015735,0.015008,0.016480,"void scal_kernel_val<double, double>(cublasScalParamsVal<double, double>)"
"GPU activities",0.000215,0.000195,100,0.001951,0.001888,0.002240,"[CUDA memcpy HtoD]"
No API activities were profiled.
