==148322== NVPROF is profiling process 148322, command: ./cuCOSMA
==148322== Profiling application: ./cuCOSMA
==148322== Profiling result:
"Type","Time(%)","Time","Calls","Avg","Min","Max","Name"
,%,ms,,us,us,us,
"GPU activities",60.942020,2.369391,100,23.693000,22.976000,24.576000,"void scal_kernel_val<double, double>(cublasScalParamsVal<double, double>)"
"GPU activities",17.259384,0.671035,100,6.710000,6.368000,7.552000,"cosmaSgemm_kernel(float const *, int, float const *, int, float*, int)"
"GPU activities",11.924403,0.463614,100,4.636000,3.968000,5.344000,"void scal_kernel_val<float, float>(cublasScalParamsVal<float, float>)"
"GPU activities",9.874193,0.383903,200,1.919000,1.472000,2.976000,"[CUDA memcpy HtoD]"
No API activities were profiled.
