==147292== NVPROF is profiling process 147292, command: ./cuCOSMA
==147292== Profiling application: ./cuCOSMA
==147292== Profiling result:
"Type","Time(%)","Time","Calls","Avg","Min","Max","Name"
,%,ms,,us,us,us,
"GPU activities",61.910859,2.334604,100,23.346000,22.528000,28.224000,"void scal_kernel_val<double, double>(cublasScalParamsVal<double, double>)"
"GPU activities",15.525926,0.585469,100,5.854000,5.280000,17.696000,"cosmaSgemm_kernel(float const *, int, float const *, int, float*, int)"
"GPU activities",12.338580,0.465277,100,4.652000,4.224000,5.152000,"void scal_kernel_val<float, float>(cublasScalParamsVal<float, float>)"
"GPU activities",10.224635,0.385562,200,1.927000,1.471000,2.816000,"[CUDA memcpy HtoD]"
No API activities were profiled.
