==154601== NVPROF is profiling process 154601, command: ./cuCOSMA
==154601== Profiling application: ./cuCOSMA
==154601== Profiling result:
"Type","Time(%)","Time","Calls","Avg","Min","Max","Name"
,%,ms,,us,us,us,
"GPU activities",59.747410,5.210292,100,52.102000,49.344000,54.720000,"cosmaSgemm_kernel(float const *, int, float const *, int, float*, int)"
"GPU activities",27.595128,2.406442,100,24.064000,23.328000,28.607000,"void scal_kernel_val<double, double>(cublasScalParamsVal<double, double>)"
"GPU activities",9.171837,0.799833,100,7.998000,5.536000,8.928000,"void scal_kernel_val<float, float>(cublasScalParamsVal<float, float>)"
"GPU activities",3.485625,0.303965,200,1.519000,1.472000,1.984000,"[CUDA memcpy HtoD]"
No API activities were profiled.
