==165904== NVPROF is profiling process 165904, command: ./cuCOSMA
==165904== Profiling application: ./cuCOSMA
==165904== Profiling result:
"Type","Time(%)","Time","Calls","Avg","Min","Max","Name"
,%,s,,ms,ms,ms,
"GPU activities",99.981330,10.826031,100,108.260306,108.160126,108.403964,"cosmaSgemm_kernel(float const *, int, float const *, int, float*, int)"
"GPU activities",0.016867,0.001826,100,0.018263,0.017695,0.019264,"void scal_kernel_val<double, double>(cublasScalParamsVal<double, double>)"
"GPU activities",0.001803,0.000195,100,0.001951,0.001888,0.002240,"[CUDA memcpy HtoD]"
No API activities were profiled.
