==172871== NVPROF is profiling process 172871, command: ./cuCOSMA
==172871== Profiling application: ./cuCOSMA
==172871== Profiling result:
"Type","Time(%)","Time","Calls","Avg","Min","Max","Name"
,%,s,,s,s,s,
"GPU activities",99.998218,101.406916,100,1.014069,1.013979,1.014969,"cosmaSgemm_kernel(float const *, int, float const *, int, float*, int)"
"GPU activities",0.001590,0.001612,100,0.000016,0.000016,0.000017,"void scal_kernel_val<double, double>(cublasScalParamsVal<double, double>)"
"GPU activities",0.000192,0.000195,100,0.000002,0.000002,0.000002,"[CUDA memcpy HtoD]"
No API activities were profiled.
