==169862== NVPROF is profiling process 169862, command: ./cuCOSMA
==169862== Profiling application: ./cuCOSMA
==169862== Profiling result:
"Type","Time(%)","Time","Calls","Avg","Min","Max","Name"
,%,s,,ms,ms,ms,
"GPU activities",99.990073,18.247500,100,182.474995,182.107927,182.984239,"cosmaSgemm_kernel(float const *, int, float const *, int, float*, int)"
"GPU activities",0.008861,0.001617,100,0.016171,0.015456,0.016928,"void scal_kernel_val<double, double>(cublasScalParamsVal<double, double>)"
"GPU activities",0.001066,0.000195,100,0.001945,0.001888,0.002240,"[CUDA memcpy HtoD]"
No API activities were profiled.
