==155733== NVPROF is profiling process 155733, command: ./cuCOSMA
==155733== Profiling application: ./cuCOSMA
==155733== Profiling result:
"Type","Time(%)","Time","Calls","Avg","Min","Max","Name"
,%,ms,,us,us,us,
"GPU activities",86.874307,27.413700,100,274.137000,272.510000,276.414000,"cosmaSgemm_kernel(float const *, int, float const *, int, float*, int)"
"GPU activities",6.119657,1.931094,100,19.310000,18.688000,19.968000,"void scal_kernel_val<double, double>(cublasScalParamsVal<double, double>)"
"GPU activities",6.041947,1.906572,100,19.065000,10.783000,19.807000,"void scal_kernel_val<float, float>(cublasScalParamsVal<float, float>)"
"GPU activities",0.964089,0.304224,200,1.521000,1.472000,1.952000,"[CUDA memcpy HtoD]"
No API activities were profiled.
