==155141== NVPROF is profiling process 155141, command: ./cuCOSMA
==155141== Profiling application: ./cuCOSMA
==155141== Profiling result:
"Type","Time(%)","Time","Calls","Avg","Min","Max","Name"
,%,ms,,us,us,us,
"GPU activities",59.810758,5.216531,100,52.165000,49.632000,54.431000,"cosmaSgemm_kernel(float const *, int, float const *, int, float*, int)"
"GPU activities",27.478434,2.396594,100,23.965000,23.328000,24.640000,"void scal_kernel_val<double, double>(cublasScalParamsVal<double, double>)"
"GPU activities",9.224538,0.804539,100,8.045000,5.856000,17.056000,"void scal_kernel_val<float, float>(cublasScalParamsVal<float, float>)"
"GPU activities",3.486271,0.304063,200,1.520000,1.472000,1.856000,"[CUDA memcpy HtoD]"
No API activities were profiled.
