==177501== NVPROF is profiling process 177501, command: ./cuCOSMA
==177501== Profiling application: ./cuCOSMA
==177501== Profiling result:
"Type","Time(%)","Time","Calls","Avg","Min","Max","Name"
,%,s,,ms,ms,ms,
"GPU activities",99.997800,82.064903,100,820.649030,808.900421,834.599584,"cosmaSgemm_kernel(float const *, int, float const *, int, float*, int)"
"GPU activities",0.001963,0.001611,100,0.016113,0.015264,0.016960,"void scal_kernel_val<double, double>(cublasScalParamsVal<double, double>)"
"GPU activities",0.000237,0.000194,100,0.001942,0.001887,0.002240,"[CUDA memcpy HtoD]"
No API activities were profiled.
