==164905== NVPROF is profiling process 164905, command: ./cuCOSMA
==164905== Profiling application: ./cuCOSMA
==164905== Profiling result:
"Type","Time(%)","Time","Calls","Avg","Min","Max","Name"
,%,s,,ms,ms,ms,
"GPU activities",99.868741,1.410965,100,14.109650,13.718282,14.322053,"cosmaSgemm_kernel(float const *, int, float const *, int, float*, int)"
"GPU activities",0.117477,0.001660,100,0.016597,0.015808,0.018272,"void scal_kernel_val<double, double>(cublasScalParamsVal<double, double>)"
"GPU activities",0.013782,0.000195,100,0.001947,0.001888,0.002272,"[CUDA memcpy HtoD]"
No API activities were profiled.
