==156874== NVPROF is profiling process 156874, command: ./cuCOSMA
==156874== Profiling application: ./cuCOSMA
==156874== Profiling result:
"Type","Time(%)","Time","Calls","Avg","Min","Max","Name"
,%,ms,,us,us,us,
"GPU activities",87.720620,29.604310,100,296.043000,290.046000,302.109000,"cosmaSgemm_kernel(float const *, int, float const *, int, float*, int)"
"GPU activities",5.712818,1.927985,100,19.279000,18.495000,20.256000,"void scal_kernel_val<double, double>(cublasScalParamsVal<double, double>)"
"GPU activities",5.668250,1.912944,100,19.129000,10.784000,19.840000,"void scal_kernel_val<float, float>(cublasScalParamsVal<float, float>)"
"GPU activities",0.898312,0.303166,200,1.515000,1.472000,1.856000,"[CUDA memcpy HtoD]"
No API activities were profiled.
