==150462== NVPROF is profiling process 150462, command: ./cuCOSMA
==150462== Profiling application: ./cuCOSMA
==150462== Profiling result:
"Type","Time(%)","Time","Calls","Avg","Min","Max","Name"
,%,ms,,us,us,us,
"GPU activities",44.174900,2.324428,100,23.244000,22.560000,24.672000,"void scal_kernel_val<double, double>(cublasScalParamsVal<double, double>)"
"GPU activities",41.269776,2.171564,100,21.715000,20.704000,22.912000,"cosmaSgemm_kernel(float const *, int, float const *, int, float*, int)"
"GPU activities",8.779171,0.461949,100,4.619000,4.256000,5.088000,"void scal_kernel_val<float, float>(cublasScalParamsVal<float, float>)"
"GPU activities",5.776154,0.303934,200,1.519000,1.472000,1.856000,"[CUDA memcpy HtoD]"
No API activities were profiled.
