==151744== NVPROF is profiling process 151744, command: ./cuCOSMA
==151744== Profiling application: ./cuCOSMA
==151744== Profiling result:
"Type","Time(%)","Time","Calls","Avg","Min","Max","Name"
,%,ms,,us,us,us,
"GPU activities",49.820342,2.329518,100,23.295000,22.720000,24.576000,"void scal_kernel_val<double, double>(cublasScalParamsVal<double, double>)"
"GPU activities",33.894466,1.584850,100,15.848000,14.592000,17.056000,"cosmaSgemm_kernel(float const *, int, float const *, int, float*, int)"
"GPU activities",9.789156,0.457725,100,4.577000,4.224000,5.824000,"void scal_kernel_val<float, float>(cublasScalParamsVal<float, float>)"
"GPU activities",6.496035,0.303744,200,1.518000,1.472000,1.856000,"[CUDA memcpy HtoD]"
No API activities were profiled.
