==162373== NVPROF is profiling process 162373, command: ./cuCOSMA
==162373== Profiling application: ./cuCOSMA
==162373== Profiling result:
"Type","Time(%)","Time","Calls","Avg","Min","Max","Name"
,%,s,,ms,ms,ms,
"GPU activities",99.837115,1.280837,100,12.808373,12.799887,12.815024,"cosmaSgemm_kernel(float const *, int, float const *, int, float*, int)"
"GPU activities",0.147576,0.001893,100,0.018932,0.018239,0.019647,"void scal_kernel_val<double, double>(cublasScalParamsVal<double, double>)"
"GPU activities",0.015310,0.000196,100,0.001964,0.001888,0.002272,"[CUDA memcpy HtoD]"
No API activities were profiled.
