==149956== NVPROF is profiling process 149956, command: ./cuCOSMA
==149956== Profiling application: ./cuCOSMA
==149956== Profiling result:
"Type","Time(%)","Time","Calls","Avg","Min","Max","Name"
,%,ms,,us,us,us,
"GPU activities",63.021145,2.282353,100,22.823000,22.048000,23.712000,"void scal_kernel_val<double, double>(cublasScalParamsVal<double, double>)"
"GPU activities",17.548812,0.635542,100,6.355000,5.920000,7.008000,"cosmaSgemm_kernel(float const *, int, float const *, int, float*, int)"
"GPU activities",11.112841,0.402459,100,4.024000,3.840000,4.576000,"void scal_kernel_val<float, float>(cublasScalParamsVal<float, float>)"
"GPU activities",8.317201,0.301213,200,1.506000,1.472000,1.856000,"[CUDA memcpy HtoD]"
No API activities were profiled.
