==160333== NVPROF is profiling process 160333, command: ./cuCOSMA
==160333== Profiling application: ./cuCOSMA
==160333== Profiling result:
"Type","Time(%)","Time","Calls","Avg","Min","Max","Name"
,%,ms,,ms,ms,ms,
"GPU activities",98.654159,155.466877,100,1.554668,1.553075,1.556276,"cosmaSgemm_kernel(float const *, int, float const *, int, float*, int)"
"GPU activities",1.249834,1.969585,100,0.019695,0.019072,0.020544,"void scal_kernel_val<double, double>(cublasScalParamsVal<double, double>)"
"GPU activities",0.096007,0.151295,100,0.001512,0.001471,0.001920,"[CUDA memcpy HtoD]"
No API activities were profiled.
