==153336== NVPROF is profiling process 153336, command: ./cuCOSMA
==153336== Profiling application: ./cuCOSMA
==153336== Profiling result:
"Type","Time(%)","Time","Calls","Avg","Min","Max","Name"
,%,ms,,us,us,us,
"GPU activities",68.950288,7.707299,100,77.072000,76.607000,78.047000,"cosmaSgemm_kernel(float const *, int, float const *, int, float*, int)"
"GPU activities",21.136957,2.362700,100,23.627000,23.072000,24.416000,"void scal_kernel_val<double, double>(cublasScalParamsVal<double, double>)"
"GPU activities",7.199743,0.804791,100,8.047000,5.792000,8.736000,"void scal_kernel_val<float, float>(cublasScalParamsVal<float, float>)"
"GPU activities",2.713013,0.303262,200,1.516000,1.471000,1.856000,"[CUDA memcpy HtoD]"
No API activities were profiled.
