==156296== NVPROF is profiling process 156296, command: ./cuCOSMA
==156296== Profiling application: ./cuCOSMA
==156296== Profiling result:
"Type","Time(%)","Time","Calls","Avg","Min","Max","Name"
,%,ms,,us,us,us,
"GPU activities",86.800689,27.248224,100,272.482000,270.110000,276.542000,"cosmaSgemm_kernel(float const *, int, float const *, int, float*, int)"
"GPU activities",6.146807,1.929588,100,19.295000,18.656000,19.936000,"void scal_kernel_val<double, double>(cublasScalParamsVal<double, double>)"
"GPU activities",6.081962,1.909232,100,19.092000,10.944000,19.904000,"void scal_kernel_val<float, float>(cublasScalParamsVal<float, float>)"
"GPU activities",0.970543,0.304670,200,1.523000,1.472000,1.920000,"[CUDA memcpy HtoD]"
No API activities were profiled.
