==155498== NVPROF is profiling process 155498, command: ./cuCOSMA
==155498== Profiling application: ./cuCOSMA
==155498== Profiling result:
"Type","Time(%)","Time","Calls","Avg","Min","Max","Name"
,%,ms,,us,us,us,
"GPU activities",59.172105,5.073782,100,50.737000,48.128000,52.960000,"cosmaSgemm_kernel(float const *, int, float const *, int, float*, int)"
"GPU activities",28.005819,2.401392,100,24.013000,23.328000,24.768000,"void scal_kernel_val<double, double>(cublasScalParamsVal<double, double>)"
"GPU activities",9.276017,0.795383,100,7.953000,5.888000,8.672000,"void scal_kernel_val<float, float>(cublasScalParamsVal<float, float>)"
"GPU activities",3.546059,0.304061,200,1.520000,1.472000,1.856000,"[CUDA memcpy HtoD]"
No API activities were profiled.
