==161390== NVPROF is profiling process 161390, command: ./cuCOSMA
==161390== Profiling application: ./cuCOSMA
==161390== Profiling result:
"Type","Time(%)","Time","Calls","Avg","Min","Max","Name"
,%,ms,,ms,ms,ms,
"GPU activities",98.947629,177.379905,100,1.773799,1.600658,1.831121,"cosmaSgemm_kernel(float const *, int, float const *, int, float*, int)"
"GPU activities",0.967760,1.734869,100,0.017348,0.016256,0.018559,"void scal_kernel_val<double, double>(cublasScalParamsVal<double, double>)"
"GPU activities",0.084611,0.151679,100,0.001516,0.001472,0.001920,"[CUDA memcpy HtoD]"
No API activities were profiled.
