==145519== NVPROF is profiling process 145519, command: ./cuCOSMA
==145519== Profiling application: ./cuCOSMA
==145519== Profiling result:
"Type","Time(%)","Time","Calls","Avg","Min","Max","Name"
,%,ms,,us,us,us,
"GPU activities",63.379370,2.270545,100,22.705000,22.016000,23.872000,"void scal_kernel_val<double, double>(cublasScalParamsVal<double, double>)"
"GPU activities",17.019557,0.609720,100,6.097000,5.600000,6.720000,"cosmaSgemm_kernel(float const *, int, float const *, int, float*, int)"
"GPU activities",11.092998,0.397403,100,3.974000,3.776000,4.384000,"void scal_kernel_val<float, float>(cublasScalParamsVal<float, float>)"
"GPU activities",8.508076,0.304799,200,1.523000,1.472000,1.888000,"[CUDA memcpy HtoD]"
No API activities were profiled.
