==167988== NVPROF is profiling process 167988, command: ./cuCOSMA
==167988== Profiling application: ./cuCOSMA
==167988== Profiling result:
"Type","Time(%)","Time","Calls","Avg","Min","Max","Name"
,%,s,,ms,ms,ms,
"GPU activities",99.983221,11.471475,100,114.714747,114.560554,115.224805,"cosmaSgemm_kernel(float const *, int, float const *, int, float*, int)"
"GPU activities",0.015106,0.001733,100,0.017332,0.016544,0.018240,"void scal_kernel_val<double, double>(cublasScalParamsVal<double, double>)"
"GPU activities",0.001672,0.000192,100,0.001918,0.001888,0.002240,"[CUDA memcpy HtoD]"
No API activities were profiled.
