==145366== NVPROF is profiling process 145366, command: ./cuCOSMA
==145366== Profiling application: ./cuCOSMA
==145366== Profiling result:
"Type","Time(%)","Time","Calls","Avg","Min","Max","Name"
,%,ms,,us,us,us,
"GPU activities",66.668556,2.282292,100,22.822000,21.952000,28.512000,"void scal_kernel_val<double, double>(cublasScalParamsVal<double, double>)"
"GPU activities",12.854723,0.440061,100,4.400000,4.192000,4.992000,"cosmaSgemm_kernel(float const *, int, float const *, int, float*, int)"
"GPU activities",11.566625,0.395965,100,3.959000,3.776000,4.352000,"void scal_kernel_val<float, float>(cublasScalParamsVal<float, float>)"
"GPU activities",8.910097,0.305023,200,1.525000,1.472000,2.048000,"[CUDA memcpy HtoD]"
No API activities were profiled.
