==152618== NVPROF is profiling process 152618, command: ./cuCOSMA
==152618== Profiling application: ./cuCOSMA
==152618== Profiling result:
"Type","Time(%)","Time","Calls","Avg","Min","Max","Name"
,%,ms,,us,us,us,
"GPU activities",49.601481,2.328172,100,23.281000,22.528000,24.767000,"void scal_kernel_val<double, double>(cublasScalParamsVal<double, double>)"
"GPU activities",34.161242,1.603445,100,16.034000,14.848000,17.728000,"cosmaSgemm_kernel(float const *, int, float const *, int, float*, int)"
"GPU activities",9.756581,0.457950,100,4.579000,4.352000,5.760000,"void scal_kernel_val<float, float>(cublasScalParamsVal<float, float>)"
"GPU activities",6.480696,0.304188,200,1.520000,1.472000,1.856000,"[CUDA memcpy HtoD]"
No API activities were profiled.
