==171815== NVPROF is profiling process 171815, command: ./cuCOSMA
==171815== Profiling application: ./cuCOSMA
==171815== Profiling result:
"Type","Time(%)","Time","Calls","Avg","Min","Max","Name"
,%,s,,s,s,s,
"GPU activities",99.998216,101.414228,100,1.014142,1.013965,1.017157,"cosmaSgemm_kernel(float const *, int, float const *, int, float*, int)"
"GPU activities",0.001594,0.001616,100,0.000016,0.000016,0.000017,"void scal_kernel_val<double, double>(cublasScalParamsVal<double, double>)"
"GPU activities",0.000191,0.000193,100,0.000002,0.000002,0.000003,"[CUDA memcpy HtoD]"
No API activities were profiled.
