==162170== NVPROF is profiling process 162170, command: ./cuCOSMA
==162170== Profiling application: ./cuCOSMA
==162170== Profiling result:
"Type","Time(%)","Time","Calls","Avg","Min","Max","Name"
,%,s,,ms,ms,ms,
"GPU activities",99.845884,1.371570,100,13.715697,13.703591,13.729926,"cosmaSgemm_kernel(float const *, int, float const *, int, float*, int)"
"GPU activities",0.139738,0.001920,100,0.019195,0.018304,0.029727,"void scal_kernel_val<double, double>(cublasScalParamsVal<double, double>)"
"GPU activities",0.014378,0.000198,100,0.001975,0.001887,0.002784,"[CUDA memcpy HtoD]"
No API activities were profiled.
