==159816== NVPROF is profiling process 159816, command: ./cuCOSMA
==159816== Profiling application: ./cuCOSMA
==159816== Profiling result:
"Type","Time(%)","Time","Calls","Avg","Min","Max","Name"
,%,ms,,ms,ms,ms,
"GPU activities",98.918771,171.254484,100,1.712544,1.708114,1.717714,"cosmaSgemm_kernel(float const *, int, float const *, int, float*, int)"
"GPU activities",0.993838,1.720596,100,0.017205,0.016671,0.020288,"void scal_kernel_val<double, double>(cublasScalParamsVal<double, double>)"
"GPU activities",0.087390,0.151296,100,0.001512,0.001472,0.001920,"[CUDA memcpy HtoD]"
No API activities were profiled.
