==150912== NVPROF is profiling process 150912, command: ./cuCOSMA
==150912== Profiling application: ./cuCOSMA
==150912== Profiling result:
"Type","Time(%)","Time","Calls","Avg","Min","Max","Name"
,%,ms,,us,us,us,
"GPU activities",48.349705,2.319345,100,23.193000,22.496000,24.736000,"void scal_kernel_val<double, double>(cublasScalParamsVal<double, double>)"
"GPU activities",35.724554,1.713714,100,17.137000,15.968000,18.368000,"cosmaSgemm_kernel(float const *, int, float const *, int, float*, int)"
"GPU activities",9.609841,0.460986,100,4.609000,4.384000,5.472000,"void scal_kernel_val<float, float>(cublasScalParamsVal<float, float>)"
"GPU activities",6.315900,0.302975,200,1.514000,1.472000,1.856000,"[CUDA memcpy HtoD]"
No API activities were profiled.
