==160503== NVPROF is profiling process 160503, command: ./cuCOSMA
==160503== Profiling application: ./cuCOSMA
==160503== Profiling result:
"Type","Time(%)","Time","Calls","Avg","Min","Max","Name"
,%,ms,,ms,ms,ms,
"GPU activities",98.893567,168.231685,100,1.682316,1.584115,1.707665,"cosmaSgemm_kernel(float const *, int, float const *, int, float*, int)"
"GPU activities",1.016969,1.730006,100,0.017300,0.016448,0.018208,"void scal_kernel_val<double, double>(cublasScalParamsVal<double, double>)"
"GPU activities",0.089464,0.152190,100,0.001521,0.001472,0.001920,"[CUDA memcpy HtoD]"
No API activities were profiled.
