==156400== NVPROF is profiling process 156400, command: ./cuCOSMA
==156400== Profiling application: ./cuCOSMA
==156400== Profiling result:
"Type","Time(%)","Time","Calls","Avg","Min","Max","Name"
,%,ms,,us,us,us,
"GPU activities",86.756758,27.082497,100,270.824000,267.869000,275.934000,"cosmaSgemm_kernel(float const *, int, float const *, int, float*, int)"
"GPU activities",6.155263,1.921463,100,19.214000,18.400000,20.160000,"void scal_kernel_val<double, double>(cublasScalParamsVal<double, double>)"
"GPU activities",6.113330,1.908373,100,19.083000,10.783000,20.160000,"void scal_kernel_val<float, float>(cublasScalParamsVal<float, float>)"
"GPU activities",0.974649,0.304252,200,1.521000,1.472000,1.888000,"[CUDA memcpy HtoD]"
No API activities were profiled.
