==169253== NVPROF is profiling process 169253, command: ./cuCOSMA
==169253== Profiling application: ./cuCOSMA
==169253== Profiling result:
"Type","Time(%)","Time","Calls","Avg","Min","Max","Name"
,%,s,,ms,ms,ms,
"GPU activities",99.985182,12.586422,100,125.864222,125.584438,126.209777,"cosmaSgemm_kernel(float const *, int, float const *, int, float*, int)"
"GPU activities",0.013275,0.001671,100,0.016710,0.015840,0.021440,"void scal_kernel_val<double, double>(cublasScalParamsVal<double, double>)"
"GPU activities",0.001543,0.000194,100,0.001942,0.001888,0.002240,"[CUDA memcpy HtoD]"
No API activities were profiled.
