==151478== NVPROF is profiling process 151478, command: ./cuCOSMA
==151478== Profiling application: ./cuCOSMA
==151478== Profiling result:
"Type","Time(%)","Time","Calls","Avg","Min","Max","Name"
,%,ms,,us,us,us,
"GPU activities",49.078841,2.321172,100,23.211000,22.528000,24.160000,"void scal_kernel_val<double, double>(cublasScalParamsVal<double, double>)"
"GPU activities",34.811214,1.646388,100,16.463000,15.840000,17.696000,"cosmaSgemm_kernel(float const *, int, float const *, int, float*, int)"
"GPU activities",9.709934,0.459229,100,4.592000,4.160000,5.312000,"void scal_kernel_val<float, float>(cublasScalParamsVal<float, float>)"
"GPU activities",6.400011,0.302687,200,1.513000,1.472000,1.888000,"[CUDA memcpy HtoD]"
No API activities were profiled.
