==184414== NVPROF is profiling process 184414, command: ./cuCOSMA
==184414== Profiling application: ./cuCOSMA
==184414== Profiling result:
"Type","Time(%)","Time","Calls","Avg","Min","Max","Name"
,%,s,,ms,ms,ms,
"GPU activities",99.646214,77.590229,100,775.902288,775.737365,776.177394,"cosmaSgemm_kernel(float const *, int, float const *, int, float*, int)"
"GPU activities",0.350952,0.273271,100,2.732711,2.722091,2.735083,"void scal_kernel_val<float, float>(cublasScalParamsVal<float, float>)"
"GPU activities",0.002279,0.001775,100,0.017748,0.017120,0.018688,"void scal_kernel_val<double, double>(cublasScalParamsVal<double, double>)"
"GPU activities",0.000555,0.000432,200,0.002159,0.001887,0.002688,"[CUDA memcpy HtoD]"
No API activities were profiled.
