==153747== NVPROF is profiling process 153747, command: ./cuCOSMA
==153747== Profiling application: ./cuCOSMA
==153747== Profiling result:
"Type","Time(%)","Time","Calls","Avg","Min","Max","Name"
,%,ms,,us,us,us,
"GPU activities",70.392749,8.234793,100,82.347000,77.343000,89.376000,"cosmaSgemm_kernel(float const *, int, float const *, int, float*, int)"
"GPU activities",20.132884,2.355216,100,23.552000,23.104000,24.512000,"void scal_kernel_val<double, double>(cublasScalParamsVal<double, double>)"
"GPU activities",6.871616,0.803866,100,8.038000,5.568000,8.768000,"void scal_kernel_val<float, float>(cublasScalParamsVal<float, float>)"
"GPU activities",2.602751,0.304479,200,1.522000,1.471000,1.856000,"[CUDA memcpy HtoD]"
No API activities were profiled.
