==158909== NVPROF is profiling process 158909, command: ./cuCOSMA
==158909== Profiling application: ./cuCOSMA
==158909== Profiling result:
"Type","Time(%)","Time","Calls","Avg","Min","Max","Name"
,%,ms,,ms,ms,ms,
"GPU activities",99.335696,280.466050,100,2.804660,2.799721,2.807497,"cosmaSgemm_kernel(float const *, int, float const *, int, float*, int)"
"GPU activities",0.610865,1.724726,100,0.017247,0.016640,0.019328,"void scal_kernel_val<double, double>(cublasScalParamsVal<double, double>)"
"GPU activities",0.053439,0.150880,100,0.001508,0.001472,0.001888,"[CUDA memcpy HtoD]"
No API activities were profiled.
