==153179== NVPROF is profiling process 153179, command: ./cuCOSMA
==153179== Profiling application: ./cuCOSMA
==153179== Profiling result:
"Type","Time(%)","Time","Calls","Avg","Min","Max","Name"
,%,ms,,us,us,us,
"GPU activities",78.070798,12.179516,100,121.795000,121.375000,122.431000,"cosmaSgemm_kernel(float const *, int, float const *, int, float*, int)"
"GPU activities",14.856713,2.317737,100,23.177000,22.496000,24.192000,"void scal_kernel_val<double, double>(cublasScalParamsVal<double, double>)"
"GPU activities",5.128987,0.800153,100,8.001000,5.696000,8.800000,"void scal_kernel_val<float, float>(cublasScalParamsVal<float, float>)"
"GPU activities",1.943502,0.303198,200,1.515000,1.472000,1.856000,"[CUDA memcpy HtoD]"
No API activities were profiled.
