==171553== NVPROF is profiling process 171553, command: ./cuCOSMA
==171553== Profiling application: ./cuCOSMA
==171553== Profiling result:
"Type","Time(%)","Time","Calls","Avg","Min","Max","Name"
,%,s,,ms,ms,ms,
"GPU activities",99.363957,11.111076,100,111.110758,111.038353,111.530093,"cosmaSgemm_kernel(float const *, int, float const *, int, float*, int)"
"GPU activities",0.615883,0.068869,100,0.688692,0.682907,0.697307,"void scal_kernel_val<float, float>(cublasScalParamsVal<float, float>)"
"GPU activities",0.016636,0.001860,100,0.018602,0.018048,0.019455,"void scal_kernel_val<double, double>(cublasScalParamsVal<double, double>)"
"GPU activities",0.003524,0.000394,200,0.001970,0.001888,0.002496,"[CUDA memcpy HtoD]"
No API activities were profiled.
