==157463== NVPROF is profiling process 157463, command: ./cuCOSMA
==157463== Profiling application: ./cuCOSMA
==157463== Profiling result:
"Type","Time(%)","Time","Calls","Avg","Min","Max","Name"
,%,ms,,us,us,us,
"GPU activities",87.734124,29.628654,100,296.286000,287.933000,300.702000,"cosmaSgemm_kernel(float const *, int, float const *, int, float*, int)"
"GPU activities",5.723498,1.932880,100,19.328000,18.656000,20.064000,"void scal_kernel_val<double, double>(cublasScalParamsVal<double, double>)"
"GPU activities",5.641738,1.905269,100,19.052000,11.104000,20.511000,"void scal_kernel_val<float, float>(cublasScalParamsVal<float, float>)"
"GPU activities",0.900641,0.304155,200,1.520000,1.472000,1.856000,"[CUDA memcpy HtoD]"
No API activities were profiled.
