==164262== NVPROF is profiling process 164262, command: ./cuCOSMA
==164262== Profiling application: ./cuCOSMA
==164262== Profiling result:
"Type","Time(%)","Time","Calls","Avg","Min","Max","Name"
,%,s,,ms,ms,ms,
"GPU activities",99.864534,1.363881,100,13.638809,13.624042,13.742793,"cosmaSgemm_kernel(float const *, int, float const *, int, float*, int)"
"GPU activities",0.121410,0.001658,100,0.016581,0.015584,0.017663,"void scal_kernel_val<double, double>(cublasScalParamsVal<double, double>)"
"GPU activities",0.014056,0.000192,100,0.001919,0.001888,0.002208,"[CUDA memcpy HtoD]"
No API activities were profiled.
