==154147== NVPROF is profiling process 154147, command: ./cuCOSMA
==154147== Profiling application: ./cuCOSMA
==154147== Profiling result:
"Type","Time(%)","Time","Calls","Avg","Min","Max","Name"
,%,ms,,us,us,us,
"GPU activities",61.803326,5.666323,100,56.663000,53.119000,63.167000,"cosmaSgemm_kernel(float const *, int, float const *, int, float*, int)"
"GPU activities",26.108475,2.393707,100,23.937000,22.943000,25.183000,"void scal_kernel_val<double, double>(cublasScalParamsVal<double, double>)"
"GPU activities",8.768286,0.803904,100,8.039000,6.176000,8.864000,"void scal_kernel_val<float, float>(cublasScalParamsVal<float, float>)"
"GPU activities",3.319912,0.304380,200,1.521000,1.472000,1.856000,"[CUDA memcpy HtoD]"
No API activities were profiled.
