==143580== NVPROF is profiling process 143580, command: ./cuCOSMA
==143580== Profiling application: ./cuCOSMA
==143580== Profiling result:
"Type","Time(%)","Time","Calls","Avg","Min","Max","Name"
,%,ms,,us,us,us,
"GPU activities",67.381804,2.269814,100,22.698000,22.016000,24.256000,"void scal_kernel_val<double, double>(cublasScalParamsVal<double, double>)"
"GPU activities",12.196364,0.410845,100,4.108000,3.872000,4.672000,"cosmaSgemm_kernel(float const *, int, float const *, int, float*, int)"
"GPU activities",11.490459,0.387066,100,3.870000,3.680000,4.288000,"void scal_kernel_val<float, float>(cublasScalParamsVal<float, float>)"
"GPU activities",8.931374,0.300861,200,1.504000,1.471000,1.856000,"[CUDA memcpy HtoD]"
No API activities were profiled.
