==156545== NVPROF is profiling process 156545, command: ./cuCOSMA
==156545== Profiling application: ./cuCOSMA
==156545== Profiling result:
"Type","Time(%)","Time","Calls","Avg","Min","Max","Name"
,%,ms,,us,us,us,
"GPU activities",86.710000,27.046702,100,270.467000,267.902000,277.214000,"cosmaSgemm_kernel(float const *, int, float const *, int, float*, int)"
"GPU activities",6.187652,1.930061,100,19.300000,18.688000,19.936000,"void scal_kernel_val<double, double>(cublasScalParamsVal<double, double>)"
"GPU activities",6.126207,1.910895,100,19.108000,10.816000,19.776000,"void scal_kernel_val<float, float>(cublasScalParamsVal<float, float>)"
"GPU activities",0.976140,0.304479,200,1.522000,1.472000,1.888000,"[CUDA memcpy HtoD]"
No API activities were profiled.
