==183354== NVPROF is profiling process 183354, command: ./cuCOSMA
==183354== Profiling application: ./cuCOSMA
==183354== Profiling result:
"Type","Time(%)","Time","Calls","Avg","Min","Max","Name"
,%,s,,ms,ms,ms,
"GPU activities",99.998177,98.588302,100,985.883019,985.398649,986.548944,"cosmaSgemm_kernel(float const *, int, float const *, int, float*, int)"
"GPU activities",0.001625,0.001603,100,0.016025,0.015423,0.016928,"void scal_kernel_val<double, double>(cublasScalParamsVal<double, double>)"
"GPU activities",0.000198,0.000195,100,0.001947,0.001888,0.002240,"[CUDA memcpy HtoD]"
No API activities were profiled.
