==165523== NVPROF is profiling process 165523, command: ./cuCOSMA
==165523== Profiling application: ./cuCOSMA
==165523== Profiling result:
"Type","Time(%)","Time","Calls","Avg","Min","Max","Name"
,%,s,,ms,ms,ms,
"GPU activities",99.981382,10.832823,100,108.328230,108.157459,108.903756,"cosmaSgemm_kernel(float const *, int, float const *, int, float*, int)"
"GPU activities",0.016842,0.001825,100,0.018248,0.017696,0.019296,"void scal_kernel_val<double, double>(cublasScalParamsVal<double, double>)"
"GPU activities",0.001775,0.000192,100,0.001923,0.001887,0.002208,"[CUDA memcpy HtoD]"
No API activities were profiled.
