==181504== NVPROF is profiling process 181504, command: ./cuCOSMA
==181504== Profiling application: ./cuCOSMA
==181504== Profiling result:
"Type","Time(%)","Time","Calls","Avg","Min","Max","Name"
,%,s,,ms,ms,ms,
"GPU activities",99.997801,82.013380,100,820.133795,807.676649,830.454459,"cosmaSgemm_kernel(float const *, int, float const *, int, float*, int)"
"GPU activities",0.001964,0.001611,100,0.016107,0.015488,0.018560,"void scal_kernel_val<double, double>(cublasScalParamsVal<double, double>)"
"GPU activities",0.000235,0.000193,100,0.001927,0.001887,0.002240,"[CUDA memcpy HtoD]"
No API activities were profiled.
