==168616== NVPROF is profiling process 168616, command: ./cuCOSMA
==168616== Profiling application: ./cuCOSMA
==168616== Profiling result:
"Type","Time(%)","Time","Calls","Avg","Min","Max","Name"
,%,s,,ms,ms,ms,
"GPU activities",99.988894,16.276812,100,162.768120,161.960183,163.378508,"cosmaSgemm_kernel(float const *, int, float const *, int, float*, int)"
"GPU activities",0.009893,0.001611,100,0.016105,0.015296,0.017215,"void scal_kernel_val<double, double>(cublasScalParamsVal<double, double>)"
"GPU activities",0.001212,0.000197,100,0.001973,0.001888,0.002592,"[CUDA memcpy HtoD]"
No API activities were profiled.
