==152467== NVPROF is profiling process 152467, command: ./cuCOSMA
==152467== Profiling application: ./cuCOSMA
==152467== Profiling result:
"Type","Time(%)","Time","Calls","Avg","Min","Max","Name"
,%,ms,,us,us,us,
"GPU activities",49.731392,2.326342,100,23.263000,22.528000,24.960000,"void scal_kernel_val<double, double>(cublasScalParamsVal<double, double>)"
"GPU activities",34.022516,1.591510,100,15.915000,14.464000,17.632000,"cosmaSgemm_kernel(float const *, int, float const *, int, float*, int)"
"GPU activities",9.746732,0.455934,100,4.559000,4.192000,4.992000,"void scal_kernel_val<float, float>(cublasScalParamsVal<float, float>)"
"GPU activities",6.499361,0.304028,200,1.520000,1.471000,1.888000,"[CUDA memcpy HtoD]"
No API activities were profiled.
