==155859== NVPROF is profiling process 155859, command: ./cuCOSMA
==155859== Profiling application: ./cuCOSMA
==155859== Profiling result:
"Type","Time(%)","Time","Calls","Avg","Min","Max","Name"
,%,ms,,us,us,us,
"GPU activities",86.858524,27.391236,100,273.912000,271.902000,276.702000,"cosmaSgemm_kernel(float const *, int, float const *, int, float*, int)"
"GPU activities",6.115322,1.928495,100,19.284000,18.592000,20.160000,"void scal_kernel_val<double, double>(cublasScalParamsVal<double, double>)"
"GPU activities",6.065413,1.912756,100,19.127000,10.815000,20.096000,"void scal_kernel_val<float, float>(cublasScalParamsVal<float, float>)"
"GPU activities",0.960741,0.302974,200,1.514000,1.472000,1.888000,"[CUDA memcpy HtoD]"
No API activities were profiled.
