==164723== NVPROF is profiling process 164723, command: ./cuCOSMA
==164723== Profiling application: ./cuCOSMA
==164723== Profiling result:
"Type","Time(%)","Time","Calls","Avg","Min","Max","Name"
,%,s,,ms,ms,ms,
"GPU activities",99.868526,1.412083,100,14.120829,13.809577,14.297414,"cosmaSgemm_kernel(float const *, int, float const *, int, float*, int)"
"GPU activities",0.117542,0.001662,100,0.016619,0.015904,0.018336,"void scal_kernel_val<double, double>(cublasScalParamsVal<double, double>)"
"GPU activities",0.013932,0.000197,100,0.001969,0.001888,0.002272,"[CUDA memcpy HtoD]"
No API activities were profiled.
