==145655== NVPROF is profiling process 145655, command: ./cuCOSMA
==145655== Profiling application: ./cuCOSMA
==145655== Profiling result:
"Type","Time(%)","Time","Calls","Avg","Min","Max","Name"
,%,ms,,us,us,us,
"GPU activities",63.229366,2.275083,100,22.750000,22.080000,24.000000,"void scal_kernel_val<double, double>(cublasScalParamsVal<double, double>)"
"GPU activities",17.262099,0.621115,100,6.211000,5.760000,6.784000,"cosmaSgemm_kernel(float const *, int, float const *, int, float*, int)"
"GPU activities",11.051868,0.397662,100,3.976000,3.776000,4.416000,"void scal_kernel_val<float, float>(cublasScalParamsVal<float, float>)"
"GPU activities",8.456668,0.304283,200,1.521000,1.472000,1.952000,"[CUDA memcpy HtoD]"
No API activities were profiled.
