==175337== NVPROF is profiling process 175337, command: ./cuCOSMA
==175337== Profiling application: ./cuCOSMA
==175337== Profiling result:
"Type","Time(%)","Time","Calls","Avg","Min","Max","Name"
,%,s,,ms,ms,ms,
"GPU activities",99.998022,93.351689,100,933.516894,932.770428,934.060275,"cosmaSgemm_kernel(float const *, int, float const *, int, float*, int)"
"GPU activities",0.001771,0.001654,100,0.016535,0.015552,0.017472,"void scal_kernel_val<double, double>(cublasScalParamsVal<double, double>)"
"GPU activities",0.000207,0.000193,100,0.001932,0.001888,0.002176,"[CUDA memcpy HtoD]"
No API activities were profiled.
