==177156== NVPROF is profiling process 177156, command: ./cuCOSMA
==177156== Profiling application: ./cuCOSMA
==177156== Profiling result:
"Type","Time(%)","Time","Calls","Avg","Min","Max","Name"
,%,s,,ms,ms,ms,
"GPU activities",99.997799,81.986217,100,819.862172,812.166264,829.645267,"cosmaSgemm_kernel(float const *, int, float const *, int, float*, int)"
"GPU activities",0.001963,0.001609,100,0.016090,0.015424,0.017376,"void scal_kernel_val<double, double>(cublasScalParamsVal<double, double>)"
"GPU activities",0.000238,0.000195,100,0.001952,0.001888,0.002336,"[CUDA memcpy HtoD]"
No API activities were profiled.
