==155605== NVPROF is profiling process 155605, command: ./cuCOSMA
==155605== Profiling application: ./cuCOSMA
==155605== Profiling result:
"Type","Time(%)","Time","Calls","Avg","Min","Max","Name"
,%,ms,,us,us,us,
"GPU activities",86.840231,27.420450,100,274.204000,272.061000,282.557000,"cosmaSgemm_kernel(float const *, int, float const *, int, float*, int)"
"GPU activities",6.139871,1.938710,100,19.387000,18.880000,20.064000,"void scal_kernel_val<double, double>(cublasScalParamsVal<double, double>)"
"GPU activities",6.055122,1.911950,100,19.119000,10.976000,19.968000,"void scal_kernel_val<float, float>(cublasScalParamsVal<float, float>)"
"GPU activities",0.964775,0.304635,200,1.523000,1.472000,1.888000,"[CUDA memcpy HtoD]"
No API activities were profiled.
