==157357== NVPROF is profiling process 157357, command: ./cuCOSMA
==157357== Profiling application: ./cuCOSMA
==157357== Profiling result:
"Type","Time(%)","Time","Calls","Avg","Min","Max","Name"
,%,ms,,us,us,us,
"GPU activities",97.125683,64.685501,100,646.855000,612.091000,660.635000,"cosmaSgemm_kernel(float const *, int, float const *, int, float*, int)"
"GPU activities",2.646235,1.762387,100,17.623000,16.896000,18.784000,"void scal_kernel_val<double, double>(cublasScalParamsVal<double, double>)"
"GPU activities",0.228082,0.151902,100,1.519000,1.472000,1.856000,"[CUDA memcpy HtoD]"
No API activities were profiled.
