==158363== NVPROF is profiling process 158363, command: ./cuCOSMA
==158363== Profiling application: ./cuCOSMA
==158363== Profiling result:
"Type","Time(%)","Time","Calls","Avg","Min","Max","Name"
,%,ms,,ms,ms,ms,
"GPU activities",99.105907,231.680293,100,2.316802,2.311341,2.320557,"cosmaSgemm_kernel(float const *, int, float const *, int, float*, int)"
"GPU activities",0.829196,1.938415,100,0.019384,0.018784,0.026143,"void scal_kernel_val<double, double>(cublasScalParamsVal<double, double>)"
"GPU activities",0.064897,0.151709,100,0.001517,0.001472,0.001920,"[CUDA memcpy HtoD]"
No API activities were profiled.
