==159101== NVPROF is profiling process 159101, command: ./cuCOSMA
==159101== Profiling application: ./cuCOSMA
==159101== Profiling result:
"Type","Time(%)","Time","Calls","Avg","Min","Max","Name"
,%,ms,,ms,ms,ms,
"GPU activities",98.840822,177.372543,100,1.773725,1.769009,1.783953,"cosmaSgemm_kernel(float const *, int, float const *, int, float*, int)"
"GPU activities",1.074708,1.928593,100,0.019285,0.018656,0.019936,"void scal_kernel_val<double, double>(cublasScalParamsVal<double, double>)"
"GPU activities",0.084470,0.151583,100,0.001515,0.001472,0.001920,"[CUDA memcpy HtoD]"
No API activities were profiled.
