==173745== NVPROF is profiling process 173745, command: ./cuCOSMA
==173745== Profiling application: ./cuCOSMA
==173745== Profiling result:
"Type","Time(%)","Time","Calls","Avg","Min","Max","Name"
,%,s,,s,s,s,
"GPU activities",99.998214,101.436850,100,1.014369,1.013991,1.016939,"cosmaSgemm_kernel(float const *, int, float const *, int, float*, int)"
"GPU activities",0.001596,0.001619,100,0.000016,0.000015,0.000017,"void scal_kernel_val<double, double>(cublasScalParamsVal<double, double>)"
"GPU activities",0.000190,0.000193,100,0.000002,0.000002,0.000003,"[CUDA memcpy HtoD]"
No API activities were profiled.
