==176118== NVPROF is profiling process 176118, command: ./cuCOSMA
==176118== Profiling application: ./cuCOSMA
==176118== Profiling result:
"Type","Time(%)","Time","Calls","Avg","Min","Max","Name"
,%,s,,ms,ms,ms,
"GPU activities",99.998016,93.340266,100,933.402658,932.834507,934.181152,"cosmaSgemm_kernel(float const *, int, float const *, int, float*, int)"
"GPU activities",0.001780,0.001661,100,0.016610,0.015776,0.023488,"void scal_kernel_val<double, double>(cublasScalParamsVal<double, double>)"
"GPU activities",0.000205,0.000191,100,0.001912,0.001887,0.002176,"[CUDA memcpy HtoD]"
No API activities were profiled.
