==166258== NVPROF is profiling process 166258, command: ./cuCOSMA
==166258== Profiling application: ./cuCOSMA
==166258== Profiling result:
"Type","Time(%)","Time","Calls","Avg","Min","Max","Name"
,%,s,,ms,ms,ms,
"GPU activities",99.981375,10.825393,100,108.253926,108.173034,108.370152,"cosmaSgemm_kernel(float const *, int, float const *, int, float*, int)"
"GPU activities",0.016854,0.001825,100,0.018248,0.017504,0.019616,"void scal_kernel_val<double, double>(cublasScalParamsVal<double, double>)"
"GPU activities",0.001771,0.000192,100,0.001917,0.001887,0.002208,"[CUDA memcpy HtoD]"
No API activities were profiled.
