==156745== NVPROF is profiling process 156745, command: ./cuCOSMA
==156745== Profiling application: ./cuCOSMA
==156745== Profiling result:
"Type","Time(%)","Time","Calls","Avg","Min","Max","Name"
,%,ms,,us,us,us,
"GPU activities",92.198217,25.054233,100,250.542000,249.854000,251.262000,"cosmaSgemm_kernel(float const *, int, float const *, int, float*, int)"
"GPU activities",7.242078,1.967985,100,19.679000,19.200000,20.512000,"void scal_kernel_val<double, double>(cublasScalParamsVal<double, double>)"
"GPU activities",0.559705,0.152096,100,1.520000,1.472000,1.856000,"[CUDA memcpy HtoD]"
No API activities were profiled.
