==152880== NVPROF is profiling process 152880, command: ./cuCOSMA
==152880== Profiling application: ./cuCOSMA
==152880== Profiling result:
"Type","Time(%)","Time","Calls","Avg","Min","Max","Name"
,%,ms,,us,us,us,
"GPU activities",54.257691,2.301742,100,23.017000,22.399000,24.704000,"void scal_kernel_val<double, double>(cublasScalParamsVal<double, double>)"
"GPU activities",27.712004,1.175610,100,11.756000,11.200000,12.480000,"cosmaSgemm_kernel(float const *, int, float const *, int, float*, int)"
"GPU activities",10.856031,0.460539,100,4.605000,4.352000,5.312000,"void scal_kernel_val<float, float>(cublasScalParamsVal<float, float>)"
"GPU activities",7.174274,0.304350,200,1.521000,1.472000,1.856000,"[CUDA memcpy HtoD]"
No API activities were profiled.
