==154745== NVPROF is profiling process 154745, command: ./cuCOSMA
==154745== Profiling application: ./cuCOSMA
==154745== Profiling result:
"Type","Time(%)","Time","Calls","Avg","Min","Max","Name"
,%,ms,,us,us,us,
"GPU activities",59.272412,5.100816,100,51.008000,48.351000,52.991000,"cosmaSgemm_kernel(float const *, int, float const *, int, float*, int)"
"GPU activities",27.866266,2.398092,100,23.980000,23.360000,25.216000,"void scal_kernel_val<double, double>(cublasScalParamsVal<double, double>)"
"GPU activities",9.331785,0.803067,100,8.030000,5.760000,8.896000,"void scal_kernel_val<float, float>(cublasScalParamsVal<float, float>)"
"GPU activities",3.529537,0.303742,200,1.518000,1.472000,1.888000,"[CUDA memcpy HtoD]"
No API activities were profiled.
