==153897== NVPROF is profiling process 153897, command: ./cuCOSMA
==153897== Profiling application: ./cuCOSMA
==153897== Profiling result:
"Type","Time(%)","Time","Calls","Avg","Min","Max","Name"
,%,ms,,us,us,us,
"GPU activities",70.300169,8.187254,100,81.872000,77.087000,87.263000,"cosmaSgemm_kernel(float const *, int, float const *, int, float*, int)"
"GPU activities",20.211595,2.353870,100,23.538000,22.784000,24.352000,"void scal_kernel_val<double, double>(cublasScalParamsVal<double, double>)"
"GPU activities",6.873000,0.800439,100,8.004000,5.728000,8.608000,"void scal_kernel_val<float, float>(cublasScalParamsVal<float, float>)"
"GPU activities",2.615236,0.304574,200,1.522000,1.472000,1.888000,"[CUDA memcpy HtoD]"
No API activities were profiled.
