==150295== NVPROF is profiling process 150295, command: ./cuCOSMA
==150295== Profiling application: ./cuCOSMA
==150295== Profiling result:
"Type","Time(%)","Time","Calls","Avg","Min","Max","Name"
,%,ms,,us,us,us,
"GPU activities",44.152135,2.329260,100,23.292000,22.591000,24.704000,"void scal_kernel_val<double, double>(cublasScalParamsVal<double, double>)"
"GPU activities",41.300536,2.178823,100,21.788000,20.575000,24.000000,"cosmaSgemm_kernel(float const *, int, float const *, int, float*, int)"
"GPU activities",8.783095,0.463355,100,4.633000,4.384000,5.344000,"void scal_kernel_val<float, float>(cublasScalParamsVal<float, float>)"
"GPU activities",5.764234,0.304094,200,1.520000,1.472000,1.888000,"[CUDA memcpy HtoD]"
No API activities were profiled.
