==158536== NVPROF is profiling process 158536, command: ./cuCOSMA
==158536== Profiling application: ./cuCOSMA
==158536== Profiling result:
"Type","Time(%)","Time","Calls","Avg","Min","Max","Name"
,%,ms,,ms,ms,ms,
"GPU activities",99.106461,231.725553,100,2.317255,2.311021,2.322509,"cosmaSgemm_kernel(float const *, int, float const *, int, float*, int)"
"GPU activities",0.828737,1.937709,100,0.019377,0.018816,0.020352,"void scal_kernel_val<double, double>(cublasScalParamsVal<double, double>)"
"GPU activities",0.064803,0.151518,100,0.001515,0.001471,0.002272,"[CUDA memcpy HtoD]"
No API activities were profiled.
