==176740== NVPROF is profiling process 176740, command: ./cuCOSMA
==176740== Profiling application: ./cuCOSMA
==176740== Profiling result:
"Type","Time(%)","Time","Calls","Avg","Min","Max","Name"
,%,s,,s,s,s,
"GPU activities",99.998601,128.871449,100,1.288714,1.288211,1.289588,"cosmaSgemm_kernel(float const *, int, float const *, int, float*, int)"
"GPU activities",0.001247,0.001607,100,0.000016,0.000015,0.000018,"void scal_kernel_val<double, double>(cublasScalParamsVal<double, double>)"
"GPU activities",0.000152,0.000196,100,0.000002,0.000002,0.000003,"[CUDA memcpy HtoD]"
No API activities were profiled.
