==158174== NVPROF is profiling process 158174, command: ./cuCOSMA
==158174== Profiling application: ./cuCOSMA
==158174== Profiling result:
"Type","Time(%)","Time","Calls","Avg","Min","Max","Name"
,%,ms,,ms,ms,ms,
"GPU activities",99.108958,231.704838,100,2.317048,2.310381,2.321836,"cosmaSgemm_kernel(float const *, int, float const *, int, float*, int)"
"GPU activities",0.825917,1.930895,100,0.019308,0.018752,0.020448,"void scal_kernel_val<double, double>(cublasScalParamsVal<double, double>)"
"GPU activities",0.065124,0.152253,100,0.001522,0.001472,0.001920,"[CUDA memcpy HtoD]"
No API activities were profiled.
