==147601== NVPROF is profiling process 147601, command: ./cuCOSMA
==147601== Profiling application: ./cuCOSMA
==147601== Profiling result:
"Type","Time(%)","Time","Calls","Avg","Min","Max","Name"
,%,ms,,us,us,us,
"GPU activities",61.918767,2.278319,100,22.783000,22.144000,23.648000,"void scal_kernel_val<double, double>(cublasScalParamsVal<double, double>)"
"GPU activities",18.830155,0.692861,100,6.928000,6.528000,7.488000,"cosmaSgemm_kernel(float const *, int, float const *, int, float*, int)"
"GPU activities",11.059649,0.406943,100,4.069000,3.872000,4.608000,"void scal_kernel_val<float, float>(cublasScalParamsVal<float, float>)"
"GPU activities",8.191429,0.301406,200,1.507000,1.471000,1.888000,"[CUDA memcpy HtoD]"
No API activities were profiled.
