==165284== NVPROF is profiling process 165284, command: ./cuCOSMA
==165284== Profiling application: ./cuCOSMA
==165284== Profiling result:
"Type","Time(%)","Time","Calls","Avg","Min","Max","Name"
,%,s,,ms,ms,ms,
"GPU activities",99.976068,7.459559,100,74.595591,74.049560,75.238925,"cosmaSgemm_kernel(float const *, int, float const *, int, float*, int)"
"GPU activities",0.021354,0.001593,100,0.015933,0.015104,0.016832,"void scal_kernel_val<double, double>(cublasScalParamsVal<double, double>)"
"GPU activities",0.002578,0.000192,100,0.001923,0.001887,0.002208,"[CUDA memcpy HtoD]"
No API activities were profiled.
