==146986== NVPROF is profiling process 146986, command: ./cuCOSMA
==146986== Profiling application: ./cuCOSMA
==146986== Profiling result:
"Type","Time(%)","Time","Calls","Avg","Min","Max","Name"
,%,ms,,us,us,us,
"GPU activities",66.019525,2.275728,100,22.757000,21.984000,23.967000,"void scal_kernel_val<double, double>(cublasScalParamsVal<double, double>)"
"GPU activities",13.786617,0.475232,100,4.752000,4.480000,5.312000,"cosmaSgemm_kernel(float const *, int, float const *, int, float*, int)"
"GPU activities",11.374731,0.392093,100,3.920000,3.776000,4.416000,"void scal_kernel_val<float, float>(cublasScalParamsVal<float, float>)"
"GPU activities",8.819128,0.304000,200,1.520000,1.472000,2.144000,"[CUDA memcpy HtoD]"
No API activities were profiled.
