==154474== NVPROF is profiling process 154474, command: ./cuCOSMA
==154474== Profiling application: ./cuCOSMA
==154474== Profiling result:
"Type","Time(%)","Time","Calls","Avg","Min","Max","Name"
,%,ms,,us,us,us,
"GPU activities",59.707062,5.202225,100,52.022000,49.695000,54.111000,"cosmaSgemm_kernel(float const *, int, float const *, int, float*, int)"
"GPU activities",27.581760,2.403175,100,24.031000,23.423000,24.896000,"void scal_kernel_val<double, double>(cublasScalParamsVal<double, double>)"
"GPU activities",9.229472,0.804156,100,8.041000,6.112000,8.832000,"void scal_kernel_val<float, float>(cublasScalParamsVal<float, float>)"
"GPU activities",3.481705,0.303358,200,1.516000,1.472000,1.920000,"[CUDA memcpy HtoD]"
No API activities were profiled.
