==156642== NVPROF is profiling process 156642, command: ./cuCOSMA
==156642== Profiling application: ./cuCOSMA
==156642== Profiling result:
"Type","Time(%)","Time","Calls","Avg","Min","Max","Name"
,%,ms,,us,us,us,
"GPU activities",86.216397,25.807623,100,258.076000,252.894000,262.494000,"cosmaSgemm_kernel(float const *, int, float const *, int, float*, int)"
"GPU activities",6.398344,1.915251,100,19.152000,18.560000,20.160000,"void scal_kernel_val<double, double>(cublasScalParamsVal<double, double>)"
"GPU activities",6.372356,1.907472,100,19.074000,10.816000,19.711000,"void scal_kernel_val<float, float>(cublasScalParamsVal<float, float>)"
"GPU activities",1.012904,0.303198,200,1.515000,1.472000,1.888000,"[CUDA memcpy HtoD]"
No API activities were profiled.
