==157827== NVPROF is profiling process 157827, command: ./cuCOSMA
==157827== Profiling application: ./cuCOSMA
==157827== Profiling result:
"Type","Time(%)","Time","Calls","Avg","Min","Max","Name"
,%,ms,,us,us,us,
"GPU activities",85.533718,24.580029,100,245.800000,240.990000,254.174000,"cosmaSgemm_kernel(float const *, int, float const *, int, float*, int)"
"GPU activities",6.748435,1.939314,100,19.393000,18.624000,20.127000,"void scal_kernel_val<double, double>(cublasScalParamsVal<double, double>)"
"GPU activities",6.659335,1.913709,100,19.137000,10.976000,19.904000,"void scal_kernel_val<float, float>(cublasScalParamsVal<float, float>)"
"GPU activities",1.058512,0.304187,200,1.520000,1.472000,1.984000,"[CUDA memcpy HtoD]"
No API activities were profiled.
