==168968== NVPROF is profiling process 168968, command: ./cuCOSMA
==168968== Profiling application: ./cuCOSMA
==168968== Profiling result:
"Type","Time(%)","Time","Calls","Avg","Min","Max","Name"
,%,s,,ms,ms,ms,
"GPU activities",99.985195,12.590217,100,125.902166,125.574705,126.262923,"cosmaSgemm_kernel(float const *, int, float const *, int, float*, int)"
"GPU activities",0.013256,0.001669,100,0.016692,0.015872,0.017632,"void scal_kernel_val<double, double>(cublasScalParamsVal<double, double>)"
"GPU activities",0.001548,0.000195,100,0.001949,0.001887,0.002272,"[CUDA memcpy HtoD]"
No API activities were profiled.
