==149665== NVPROF is profiling process 149665, command: ./cuCOSMA
==149665== Profiling application: ./cuCOSMA
==149665== Profiling result:
"Type","Time(%)","Time","Calls","Avg","Min","Max","Name"
,%,ms,,us,us,us,
"GPU activities",63.302220,2.285702,100,22.857000,22.143000,23.744000,"void scal_kernel_val<double, double>(cublasScalParamsVal<double, double>)"
"GPU activities",16.952612,0.612121,100,6.121000,5.632000,7.168000,"cosmaSgemm_kernel(float const *, int, float const *, int, float*, int)"
"GPU activities",11.248908,0.406173,100,4.061000,3.840000,4.704000,"void scal_kernel_val<float, float>(cublasScalParamsVal<float, float>)"
"GPU activities",8.496260,0.306781,200,1.533000,1.472000,2.176000,"[CUDA memcpy HtoD]"
No API activities were profiled.
