==155246== NVPROF is profiling process 155246, command: ./cuCOSMA
==155246== Profiling application: ./cuCOSMA
==155246== Profiling result:
"Type","Time(%)","Time","Calls","Avg","Min","Max","Name"
,%,ms,,us,us,us,
"GPU activities",59.755452,5.210428,100,52.104000,49.151000,54.688000,"cosmaSgemm_kernel(float const *, int, float const *, int, float*, int)"
"GPU activities",27.536216,2.401044,100,24.010000,23.328000,24.992000,"void scal_kernel_val<double, double>(cublasScalParamsVal<double, double>)"
"GPU activities",9.222353,0.804151,100,8.041000,5.760000,8.895000,"void scal_kernel_val<float, float>(cublasScalParamsVal<float, float>)"
"GPU activities",3.485980,0.303963,200,1.519000,1.472000,1.856000,"[CUDA memcpy HtoD]"
No API activities were profiled.
