==146702== NVPROF is profiling process 146702, command: ./cuCOSMA
==146702== Profiling application: ./cuCOSMA
==146702== Profiling result:
"Type","Time(%)","Time","Calls","Avg","Min","Max","Name"
,%,ms,,us,us,us,
"GPU activities",65.802057,2.266794,100,22.667000,22.048000,24.160000,"void scal_kernel_val<double, double>(cublasScalParamsVal<double, double>)"
"GPU activities",13.842707,0.476863,100,4.768000,4.544000,5.408000,"cosmaSgemm_kernel(float const *, int, float const *, int, float*, int)"
"GPU activities",11.550080,0.397885,100,3.978000,3.776000,4.416000,"void scal_kernel_val<float, float>(cublasScalParamsVal<float, float>)"
"GPU activities",8.805156,0.303326,200,1.516000,1.472000,1.856000,"[CUDA memcpy HtoD]"
No API activities were profiled.
