==171268== NVPROF is profiling process 171268, command: ./cuCOSMA
==171268== Profiling application: ./cuCOSMA
==171268== Profiling result:
"Type","Time(%)","Time","Calls","Avg","Min","Max","Name"
,%,s,,ms,ms,ms,
"GPU activities",99.986734,13.553841,100,135.538411,135.325326,135.884042,"cosmaSgemm_kernel(float const *, int, float const *, int, float*, int)"
"GPU activities",0.011830,0.001604,100,0.016036,0.015360,0.016864,"void scal_kernel_val<double, double>(cublasScalParamsVal<double, double>)"
"GPU activities",0.001436,0.000195,100,0.001947,0.001888,0.002240,"[CUDA memcpy HtoD]"
No API activities were profiled.
