==152139== NVPROF is profiling process 152139, command: ./cuCOSMA
==152139== Profiling application: ./cuCOSMA
==152139== Profiling result:
"Type","Time(%)","Time","Calls","Avg","Min","Max","Name"
,%,ms,,us,us,us,
"GPU activities",54.004018,2.299982,100,22.999000,22.400000,24.480000,"void scal_kernel_val<double, double>(cublasScalParamsVal<double, double>)"
"GPU activities",28.074584,1.195671,100,11.956000,11.392000,12.832000,"cosmaSgemm_kernel(float const *, int, float const *, int, float*, int)"
"GPU activities",10.790228,0.459546,100,4.595000,4.352000,5.280000,"void scal_kernel_val<float, float>(cublasScalParamsVal<float, float>)"
"GPU activities",7.131169,0.303710,200,1.518000,1.472000,1.888000,"[CUDA memcpy HtoD]"
No API activities were profiled.
