==175707== NVPROF is profiling process 175707, command: ./cuCOSMA
==175707== Profiling application: ./cuCOSMA
==175707== Profiling result:
"Type","Time(%)","Time","Calls","Avg","Min","Max","Name"
,%,s,,ms,ms,ms,
"GPU activities",99.998041,93.343097,100,933.430974,932.692130,934.069848,"cosmaSgemm_kernel(float const *, int, float const *, int, float*, int)"
"GPU activities",0.001754,0.001637,100,0.016373,0.015647,0.017183,"void scal_kernel_val<double, double>(cublasScalParamsVal<double, double>)"
"GPU activities",0.000205,0.000191,100,0.001914,0.001887,0.002208,"[CUDA memcpy HtoD]"
No API activities were profiled.
