==161035== NVPROF is profiling process 161035, command: ./cuCOSMA
==161035== Profiling application: ./cuCOSMA
==161035== Profiling result:
"Type","Time(%)","Time","Calls","Avg","Min","Max","Name"
,%,ms,,ms,ms,ms,
"GPU activities",98.918112,191.210354,100,1.912103,1.838258,2.087503,"cosmaSgemm_kernel(float const *, int, float const *, int, float*, int)"
"GPU activities",1.003222,1.939244,100,0.019392,0.018496,0.020448,"void scal_kernel_val<double, double>(cublasScalParamsVal<double, double>)"
"GPU activities",0.078666,0.152063,100,0.001520,0.001472,0.001920,"[CUDA memcpy HtoD]"
No API activities were profiled.
