==174840== NVPROF is profiling process 174840, command: ./cuCOSMA
==174840== Profiling application: ./cuCOSMA
==174840== Profiling result:
"Type","Time(%)","Time","Calls","Avg","Min","Max","Name"
,%,s,,s,s,s,
"GPU activities",99.998233,100.676404,100,1.006764,1.005089,1.008044,"cosmaSgemm_kernel(float const *, int, float const *, int, float*, int)"
"GPU activities",0.001573,0.001584,100,0.000016,0.000015,0.000016,"void scal_kernel_val<double, double>(cublasScalParamsVal<double, double>)"
"GPU activities",0.000194,0.000196,100,0.000002,0.000002,0.000003,"[CUDA memcpy HtoD]"
No API activities were profiled.
