==148038== NVPROF is profiling process 148038, command: ./cuCOSMA
==148038== Profiling application: ./cuCOSMA
==148038== Profiling result:
"Type","Time(%)","Time","Calls","Avg","Min","Max","Name"
,%,ms,,us,us,us,
"GPU activities",60.497499,2.336751,100,23.367000,22.624000,25.472000,"void scal_kernel_val<double, double>(cublasScalParamsVal<double, double>)"
"GPU activities",17.520203,0.676728,100,6.767000,6.496000,7.328000,"cosmaSgemm_kernel(float const *, int, float const *, int, float*, int)"
"GPU activities",12.058227,0.465756,100,4.657000,4.256000,5.152000,"void scal_kernel_val<float, float>(cublasScalParamsVal<float, float>)"
"GPU activities",9.924071,0.383323,200,1.916000,1.472000,2.816000,"[CUDA memcpy HtoD]"
No API activities were profiled.
