==146843== NVPROF is profiling process 146843, command: ./cuCOSMA
==146843== Profiling application: ./cuCOSMA
==146843== Profiling result:
"Type","Time(%)","Time","Calls","Avg","Min","Max","Name"
,%,ms,,us,us,us,
"GPU activities",64.638280,2.279467,100,22.794000,21.952000,24.320000,"void scal_kernel_val<double, double>(cublasScalParamsVal<double, double>)"
"GPU activities",15.387876,0.542653,100,5.426000,5.152000,5.984000,"cosmaSgemm_kernel(float const *, int, float const *, int, float*, int)"
"GPU activities",11.346245,0.400125,100,4.001000,3.776000,4.416000,"void scal_kernel_val<float, float>(cublasScalParamsVal<float, float>)"
"GPU activities",8.627598,0.304252,200,1.521000,1.472000,1.856000,"[CUDA memcpy HtoD]"
No API activities were profiled.
