==163647== NVPROF is profiling process 163647, command: ./cuCOSMA
==163647== Profiling application: ./cuCOSMA
==163647== Profiling result:
"Type","Time(%)","Time","Calls","Avg","Min","Max","Name"
,%,s,,ms,ms,ms,
"GPU activities",99.828832,1.210966,100,12.109661,12.077112,12.245174,"cosmaSgemm_kernel(float const *, int, float const *, int, float*, int)"
"GPU activities",0.155155,0.001882,100,0.018820,0.017951,0.019904,"void scal_kernel_val<double, double>(cublasScalParamsVal<double, double>)"
"GPU activities",0.016013,0.000194,100,0.001942,0.001888,0.002272,"[CUDA memcpy HtoD]"
No API activities were profiled.
