==176456== NVPROF is profiling process 176456, command: ./cuCOSMA
==176456== Profiling application: ./cuCOSMA
==176456== Profiling result:
"Type","Time(%)","Time","Calls","Avg","Min","Max","Name"
,%,s,,ms,ms,ms,
"GPU activities",99.997986,91.316476,100,913.164764,912.270535,914.552565,"cosmaSgemm_kernel(float const *, int, float const *, int, float*, int)"
"GPU activities",0.001802,0.001646,100,0.016457,0.015328,0.017408,"void scal_kernel_val<double, double>(cublasScalParamsVal<double, double>)"
"GPU activities",0.000211,0.000193,100,0.001929,0.001856,0.002368,"[CUDA memcpy HtoD]"
No API activities were profiled.
