==163861== NVPROF is profiling process 163861, command: ./cuCOSMA
==163861== Profiling application: ./cuCOSMA
==163861== Profiling result:
"Type","Time(%)","Time","Calls","Avg","Min","Max","Name"
,%,s,,ms,ms,ms,
"GPU activities",99.829313,1.211103,100,12.111033,12.085784,12.245399,"cosmaSgemm_kernel(float const *, int, float const *, int, float*, int)"
"GPU activities",0.154848,0.001879,100,0.018785,0.018144,0.019872,"void scal_kernel_val<double, double>(cublasScalParamsVal<double, double>)"
"GPU activities",0.015839,0.000192,100,0.001921,0.001888,0.002240,"[CUDA memcpy HtoD]"
No API activities were profiled.
