==152012== NVPROF is profiling process 152012, command: ./cuCOSMA
==152012== Profiling application: ./cuCOSMA
==152012== Profiling result:
"Type","Time(%)","Time","Calls","Avg","Min","Max","Name"
,%,ms,,us,us,us,
"GPU activities",49.750318,2.330286,100,23.302000,22.591000,24.864000,"void scal_kernel_val<double, double>(cublasScalParamsVal<double, double>)"
"GPU activities",33.925190,1.589043,100,15.890000,15.040000,17.216000,"cosmaSgemm_kernel(float const *, int, float const *, int, float*, int)"
"GPU activities",9.815195,0.459740,100,4.597000,4.224000,5.408000,"void scal_kernel_val<float, float>(cublasScalParamsVal<float, float>)"
"GPU activities",6.509297,0.304893,200,1.524000,1.472000,1.856000,"[CUDA memcpy HtoD]"
No API activities were profiled.
