==157980== NVPROF is profiling process 157980, command: ./cuCOSMA
==157980== Profiling application: ./cuCOSMA
==157980== Profiling result:
"Type","Time(%)","Time","Calls","Avg","Min","Max","Name"
,%,ms,,us,us,us,
"GPU activities",92.235876,24.988634,100,249.886000,248.734000,250.974000,"cosmaSgemm_kernel(float const *, int, float const *, int, float*, int)"
"GPU activities",7.207330,1.952617,100,19.526000,18.752000,26.976000,"void scal_kernel_val<double, double>(cublasScalParamsVal<double, double>)"
"GPU activities",0.556793,0.150847,100,1.508000,1.472000,1.600000,"[CUDA memcpy HtoD]"
No API activities were profiled.
