==149807== NVPROF is profiling process 149807, command: ./cuCOSMA
==149807== Profiling application: ./cuCOSMA
==149807== Profiling result:
"Type","Time(%)","Time","Calls","Avg","Min","Max","Name"
,%,ms,,us,us,us,
"GPU activities",63.400544,2.288591,100,22.885000,22.144000,29.920000,"void scal_kernel_val<double, double>(cublasScalParamsVal<double, double>)"
"GPU activities",17.032031,0.614811,100,6.148000,5.632000,12.128000,"cosmaSgemm_kernel(float const *, int, float const *, int, float*, int)"
"GPU activities",11.222960,0.405119,100,4.051000,3.872000,4.640000,"void scal_kernel_val<float, float>(cublasScalParamsVal<float, float>)"
"GPU activities",8.344465,0.301213,200,1.506000,1.472000,1.856000,"[CUDA memcpy HtoD]"
No API activities were profiled.
