==164443== NVPROF is profiling process 164443, command: ./cuCOSMA
==164443== Profiling application: ./cuCOSMA
==164443== Profiling result:
"Type","Time(%)","Time","Calls","Avg","Min","Max","Name"
,%,s,,ms,ms,ms,
"GPU activities",99.739787,7.715946,100,77.159459,77.118323,77.676174,"cosmaSgemm_kernel(float const *, int, float const *, int, float*, int)"
"GPU activities",0.230682,0.017846,100,0.178457,0.173950,0.179711,"void scal_kernel_val<float, float>(cublasScalParamsVal<float, float>)"
"GPU activities",0.024514,0.001896,100,0.018963,0.018367,0.019968,"void scal_kernel_val<double, double>(cublasScalParamsVal<double, double>)"
"GPU activities",0.005017,0.000388,200,0.001940,0.001887,0.002336,"[CUDA memcpy HtoD]"
No API activities were profiled.
