==159625== NVPROF is profiling process 159625, command: ./cuCOSMA
==159625== Profiling application: ./cuCOSMA
==159625== Profiling result:
"Type","Time(%)","Time","Calls","Avg","Min","Max","Name"
,%,ms,,ms,ms,ms,
"GPU activities",98.865908,176.118853,100,1.761188,1.759346,1.763954,"cosmaSgemm_kernel(float const *, int, float const *, int, float*, int)"
"GPU activities",1.048840,1.868395,100,0.018683,0.017952,0.019935,"void scal_kernel_val<double, double>(cublasScalParamsVal<double, double>)"
"GPU activities",0.085251,0.151866,100,0.001518,0.001472,0.001920,"[CUDA memcpy HtoD]"
No API activities were profiled.
