==146552== NVPROF is profiling process 146552, command: ./cuCOSMA
==146552== Profiling application: ./cuCOSMA
==146552== Profiling result:
"Type","Time(%)","Time","Calls","Avg","Min","Max","Name"
,%,ms,,us,us,us,
"GPU activities",65.970158,2.276109,100,22.761000,21.856000,24.224000,"void scal_kernel_val<double, double>(cublasScalParamsVal<double, double>)"
"GPU activities",13.708992,0.472989,100,4.729000,4.512000,5.152000,"cosmaSgemm_kernel(float const *, int, float const *, int, float*, int)"
"GPU activities",11.512748,0.397214,100,3.972000,3.776000,4.352000,"void scal_kernel_val<float, float>(cublasScalParamsVal<float, float>)"
"GPU activities",8.808102,0.303898,200,1.519000,1.472000,1.920000,"[CUDA memcpy HtoD]"
No API activities were profiled.
