==147451== NVPROF is profiling process 147451, command: ./cuCOSMA
==147451== Profiling application: ./cuCOSMA
==147451== Profiling result:
"Type","Time(%)","Time","Calls","Avg","Min","Max","Name"
,%,ms,,us,us,us,
"GPU activities",62.115470,2.291954,100,22.919000,22.080000,24.159000,"void scal_kernel_val<double, double>(cublasScalParamsVal<double, double>)"
"GPU activities",18.629188,0.687385,100,6.873000,6.496000,7.487000,"cosmaSgemm_kernel(float const *, int, float const *, int, float*, int)"
"GPU activities",11.069459,0.408444,100,4.084000,3.872000,4.832000,"void scal_kernel_val<float, float>(cublasScalParamsVal<float, float>)"
"GPU activities",8.185883,0.302045,200,1.510000,1.472000,1.856000,"[CUDA memcpy HtoD]"
No API activities were profiled.
