==159302== NVPROF is profiling process 159302, command: ./cuCOSMA
==159302== Profiling application: ./cuCOSMA
==159302== Profiling result:
"Type","Time(%)","Time","Calls","Avg","Min","Max","Name"
,%,ms,,ms,ms,ms,
"GPU activities",98.836615,177.332644,100,1.773326,1.767858,1.783537,"cosmaSgemm_kernel(float const *, int, float const *, int, float*, int)"
"GPU activities",1.078293,1.934674,100,0.019346,0.018656,0.020416,"void scal_kernel_val<double, double>(cublasScalParamsVal<double, double>)"
"GPU activities",0.085091,0.152671,100,0.001526,0.001472,0.001888,"[CUDA memcpy HtoD]"
No API activities were profiled.
