==160675== NVPROF is profiling process 160675, command: ./cuCOSMA
==160675== Profiling application: ./cuCOSMA
==160675== Profiling result:
"Type","Time(%)","Time","Calls","Avg","Min","Max","Name"
,%,ms,,ms,ms,ms,
"GPU activities",99.618865,487.071647,100,4.870716,4.837975,4.965782,"cosmaSgemm_kernel(float const *, int, float const *, int, float*, int)"
"GPU activities",0.350191,1.712208,100,0.017122,0.016384,0.017856,"void scal_kernel_val<double, double>(cublasScalParamsVal<double, double>)"
"GPU activities",0.030944,0.151294,100,0.001512,0.001472,0.001920,"[CUDA memcpy HtoD]"
No API activities were profiled.
