==160147== NVPROF is profiling process 160147, command: ./cuCOSMA
==160147== Profiling application: ./cuCOSMA
==160147== Profiling result:
"Type","Time(%)","Time","Calls","Avg","Min","Max","Name"
,%,ms,,ms,ms,ms,
"GPU activities",98.921482,191.987768,100,1.919877,1.835633,2.109423,"cosmaSgemm_kernel(float const *, int, float const *, int, float*, int)"
"GPU activities",1.000136,1.941073,100,0.019410,0.018816,0.020192,"void scal_kernel_val<double, double>(cublasScalParamsVal<double, double>)"
"GPU activities",0.078382,0.152125,100,0.001521,0.001472,0.001920,"[CUDA memcpy HtoD]"
No API activities were profiled.
