==155023== NVPROF is profiling process 155023, command: ./cuCOSMA
==155023== Profiling application: ./cuCOSMA
==155023== Profiling result:
"Type","Time(%)","Time","Calls","Avg","Min","Max","Name"
,%,ms,,us,us,us,
"GPU activities",85.689925,11.171075,100,111.710000,101.600000,114.015000,"cosmaSgemm_kernel(float const *, int, float const *, int, float*, int)"
"GPU activities",13.154692,1.714928,100,17.149000,15.904000,20.032000,"void scal_kernel_val<double, double>(cublasScalParamsVal<double, double>)"
"GPU activities",1.155383,0.150623,100,1.506000,1.472000,1.600000,"[CUDA memcpy HtoD]"
No API activities were profiled.
