==151621== NVPROF is profiling process 151621, command: ./cuCOSMA
==151621== Profiling application: ./cuCOSMA
==151621== Profiling result:
"Type","Time(%)","Time","Calls","Avg","Min","Max","Name"
,%,ms,,us,us,us,
"GPU activities",51.323134,2.323795,100,23.237000,22.464000,24.960000,"void scal_kernel_val<double, double>(cublasScalParamsVal<double, double>)"
"GPU activities",31.700927,1.435346,100,14.353000,13.568000,15.808000,"cosmaSgemm_kernel(float const *, int, float const *, int, float*, int)"
"GPU activities",10.238565,0.463579,100,4.635000,4.223000,5.216000,"void scal_kernel_val<float, float>(cublasScalParamsVal<float, float>)"
"GPU activities",6.737374,0.305053,200,1.525000,1.472000,1.856000,"[CUDA memcpy HtoD]"
No API activities were profiled.
