==152334== NVPROF is profiling process 152334, command: ./cuCOSMA
==152334== Profiling application: ./cuCOSMA
==152334== Profiling result:
"Type","Time(%)","Time","Calls","Avg","Min","Max","Name"
,%,ms,,us,us,us,
"GPU activities",45.734630,2.319086,100,23.190000,22.464000,24.352000,"void scal_kernel_val<double, double>(cublasScalParamsVal<double, double>)"
"GPU activities",39.216967,1.988592,100,19.885000,19.104000,21.024000,"cosmaSgemm_kernel(float const *, int, float const *, int, float*, int)"
"GPU activities",9.070306,0.459932,100,4.599000,4.256000,5.152000,"void scal_kernel_val<float, float>(cublasScalParamsVal<float, float>)"
"GPU activities",5.978097,0.303134,200,1.515000,1.472000,1.856000,"[CUDA memcpy HtoD]"
No API activities were profiled.
