==149210== NVPROF is profiling process 149210, command: ./cuCOSMA
==149210== Profiling application: ./cuCOSMA
==149210== Profiling result:
"Type","Time(%)","Time","Calls","Avg","Min","Max","Name"
,%,ms,,us,us,us,
"GPU activities",63.049749,2.288274,100,22.882000,22.144000,24.032000,"void scal_kernel_val<double, double>(cublasScalParamsVal<double, double>)"
"GPU activities",17.625943,0.639701,100,6.397000,5.984000,7.008000,"cosmaSgemm_kernel(float const *, int, float const *, int, float*, int)"
"GPU activities",11.027453,0.400221,100,4.002000,3.648000,4.544000,"void scal_kernel_val<float, float>(cublasScalParamsVal<float, float>)"
"GPU activities",8.296855,0.301119,200,1.505000,1.472000,1.856000,"[CUDA memcpy HtoD]"
No API activities were profiled.
