==151208== NVPROF is profiling process 151208, command: ./cuCOSMA
==151208== Profiling application: ./cuCOSMA
==151208== Profiling result:
"Type","Time(%)","Time","Calls","Avg","Min","Max","Name"
,%,ms,,us,us,us,
"GPU activities",46.480207,2.331727,100,23.317000,22.688000,24.768000,"void scal_kernel_val<double, double>(cublasScalParamsVal<double, double>)"
"GPU activities",38.157781,1.914224,100,19.142000,17.728000,20.800000,"cosmaSgemm_kernel(float const *, int, float const *, int, float*, int)"
"GPU activities",9.300259,0.466557,100,4.665000,4.288000,5.280000,"void scal_kernel_val<float, float>(cublasScalParamsVal<float, float>)"
"GPU activities",6.061753,0.304094,200,1.520000,1.472000,2.176000,"[CUDA memcpy HtoD]"
No API activities were profiled.
