==144980== NVPROF is profiling process 144980, command: ./cuCOSMA
==144980== Profiling application: ./cuCOSMA
==144980== Profiling result:
"Type","Time(%)","Time","Calls","Avg","Min","Max","Name"
,%,ms,,us,us,us,
"GPU activities",66.434559,2.280145,100,22.801000,21.824000,28.224000,"void scal_kernel_val<double, double>(cublasScalParamsVal<double, double>)"
"GPU activities",13.022094,0.446940,100,4.469000,4.224000,4.959000,"cosmaSgemm_kernel(float const *, int, float const *, int, float*, int)"
"GPU activities",11.662719,0.400284,100,4.002000,3.776000,4.704000,"void scal_kernel_val<float, float>(cublasScalParamsVal<float, float>)"
"GPU activities",8.880628,0.304798,200,1.523000,1.472000,1.856000,"[CUDA memcpy HtoD]"
No API activities were profiled.
